id,symbol,name,current_price,market_cap,total_volume,price_change_percentage_24h,categories,hashing_algorithm,genesis_date,sentiment_up,sentiment_down,developer_score,community_score,liquidity_score
bitcoin,btc,Bitcoin,92585.0,1849275907375,53465439821.0,0.03251,"['Smart Contract Platform', 'Layer 1 (L1)', 'FTX Holdings', 'Proof of Work (PoW)', 'Bitcoin Ecosystem', 'GMCI 30 Index', 'GMCI Index', 'Coinbase 50 Index']",SHA-256,2009-01-03,80.47,19.53,,,
ethereum,eth,Ethereum,3354.58,405434711697,33469572459.0,1.47408,"['Smart Contract Platform', 'Layer 1 (L1)', 'Ethereum Ecosystem', 'FTX Holdings', 'Multicoin Capital Portfolio', 'Proof of Stake (PoS)', 'Alameda Research Portfolio', 'Andreessen Horowitz (a16z) Portfolio', 'GMCI Layer 1 Index', 'GMCI 30 Index', 'Delphi Ventures Portfolio', 'Galaxy Digital Portfolio', 'GMCI Index', 'World Liberty Financial Portfolio', 'Coinbase 50 Index']",Ethash,2015-07-30,85.61,14.39,,,
tether,usdt,Tether,1.0,186098201481,92180019720.0,0.01798,"['Stablecoins', 'USD Stablecoin', 'Solana Ecosystem', 'Avalanche Ecosystem', 'Near Protocol Ecosystem', 'Celo Ecosystem', 'Ethereum Ecosystem', 'Tezos Ecosystem', 'Kaia Ecosystem', 'Aptos Ecosystem', 'FTX Holdings', 'TON Ecosystem', 'Tron Ecosystem', 'Kava Ecosystem', 'Fiat-backed Stablecoin', 'World Liberty Financial Portfolio']",,,44.44,55.56,,,
binancecoin,bnb,BNB,900.02,124021730091,1871155643.0,-0.00075,"['Smart Contract Platform', 'Exchange-based Tokens', 'BNB Chain Ecosystem', 'Centralized Exchange (CEX) Token', 'Layer 1 (L1)', 'Ethereum Ecosystem', 'Alleged SEC Securities', 'FTX Holdings', 'Proof of Stake (PoS)', 'GMCI Layer 1 Index', 'GMCI 30 Index', 'GMCI Index', 'Made in China']",,2017-07-08,30.0,70.0,,,
ripple,xrp,XRP,2.05,123896802601,3809529814.0,-1.97266,"['FTX Holdings', 'Pantera Capital Portfolio', 'Andreessen Horowitz (a16z) Portfolio', 'XRP Ledger Ecosystem', 'GMCI 30 Index', 'Blockchain Capital Portfolio', 'GMCI Index', 'Made in USA', 'Coinbase 50 Index']",,,79.26,20.74,,,
usd-coin,usdc,USDC,0.998924,78085388413,14785048607.0,-0.08797,"['Stablecoins', 'USD Stablecoin', 'Solana Ecosystem', 'Avalanche Ecosystem', 'Polygon Ecosystem', 'Near Protocol Ecosystem', 'Arbitrum Ecosystem', 'Celo Ecosystem', 'Moonriver Ecosystem', 'Ethereum Ecosystem', 'XDC Ecosystem', 'Algorand Ecosystem', 'Optimism Ecosystem', 'Aptos Ecosystem', 'ZkSync Ecosystem', 'Sui Ecosystem', 'Base Ecosystem', 'Tron Ecosystem', 'Starknet Ecosystem', 'Hedera Ecosystem', 'Stellar Ecosystem', 'XRP Ledger Ecosystem', 'Sonic Ecosystem', 'Fiat-backed Stablecoin', 'Sei Network Ecosystem', 'World Chain Ecosystem', 'World Liberty Financial Portfolio', 'Ink Ecosystem', 'Made in USA', 'Unichain Ecosystem', 'HyperEVM Ecosystem', 'Plume Network Ecosystem', 'Monad Ecosystem']",,,66.67,33.33,,,
solana,sol,Solana,137.89,77437031104,6726351092.0,0.44184,"['Smart Contract Platform', 'Solana Ecosystem', 'Layer 1 (L1)', 'Alleged SEC Securities', 'FTX Holdings', 'Multicoin Capital Portfolio', 'Proof of Stake (PoS)', 'Alameda Research Portfolio', 'Andreessen Horowitz (a16z) Portfolio', 'GMCI Layer 1 Index', 'GMCI 30 Index', 'Delphi Ventures Portfolio', 'GMCI Index', 'Polychain Capital Portfolio', 'Made in USA', 'Coinbase 50 Index']",,,62.07,37.93,,,
staked-ether,steth,Lido Staked Ether,3356.02,29293193070,40955762.0,1.94094,"['Decentralized Finance (DeFi)', 'Liquid Staking Tokens', 'Ethereum Ecosystem', 'Liquid Staked ETH', 'Liquid Staking']",,,60.0,40.0,,,
tron,trx,TRON,0.280559,26561775299,675690024.0,-0.64101,"['Smart Contract Platform', 'Layer 1 (L1)', 'Alleged SEC Securities', 'FTX Holdings', 'DWF Labs Portfolio', 'Tron Ecosystem', 'Proof of Stake (PoS)', 'GMCI Layer 1 Index', 'GMCI 30 Index', 'GMCI Index', 'World Liberty Financial Portfolio', 'Made in China']",Delegated Proof-of-Stake,2017-08-28,50.0,50.0,,,
dogecoin,doge,Dogecoin,0.145466,22127189706,1367669006.0,-1.71357,"['Smart Contract Platform', 'Meme', 'Dog-Themed', 'Elon Musk-Inspired', 'Proof of Work (PoW)', 'GMCI Meme Index', 'GMCI 30 Index', 'GMCI Index', 'Coinbase 50 Index', '4chan-Themed']",Scrypt,2013-12-08,77.78,22.22,,,
cardano,ada,Cardano,0.459711,16833355391,1058740382.0,-1.66034,"['Smart Contract Platform', 'Layer 1 (L1)', 'Cardano Ecosystem', 'Alleged SEC Securities', 'Proof of Stake (PoS)', 'GMCI Layer 1 Index', 'GMCI 30 Index', 'GMCI Index', 'Made in USA', 'Coinbase 50 Index']",,,88.0,12.0,,,
figure-heloc,figr_heloc,Figure Heloc,1.021,14420634230,19098839.0,-1.22904,"['Real World Assets (RWA)', 'Made in USA', 'Provenance Ecosystem', 'Tokenized Private Credit']",,,14.29,85.71,,,
whitebit,wbt,WhiteBIT Coin,63.54,13623084182,149239874.0,3.10045,"['Exchange-based Tokens', 'Centralized Exchange (CEX) Token', 'Ethereum Ecosystem', 'Tron Ecosystem']",,,0.0,100.0,,,
wrapped-steth,wsteth,Wrapped stETH,4103.75,12738336202,57384548.0,2.00702,"['Crypto-Backed Tokens', 'Decentralized Finance (DeFi)', 'Wrapped-Tokens', 'Liquid Staking Tokens', 'Ethereum Ecosystem', 'Liquid Staking', 'Unichain Ecosystem', 'Monad Ecosystem']",,,50.0,50.0,,,
wrapped-beacon-eth,wbeth,Wrapped Beacon ETH,3645.71,11901285042,11704445.0,2.06349,"['Crypto-Backed Tokens', 'BNB Chain Ecosystem', 'Wrapped-Tokens', 'Liquid Staking Tokens', 'Ethereum Ecosystem', 'Liquid Staking']",,,50.0,50.0,,,
wrapped-bitcoin,wbtc,Wrapped Bitcoin,92404.0,11539135127,250372799.0,0.27041,"['Crypto-Backed Tokens', 'Tokenized BTC', 'BNB Chain Ecosystem', 'Wrapped-Tokens', 'Solana Ecosystem', 'Avalanche Ecosystem', 'Ethereum Ecosystem', 'Optimism Ecosystem', 'Aptos Ecosystem', 'Sui Ecosystem', 'Base Ecosystem', 'FTX Holdings', 'Tron Ecosystem', 'Osmosis Ecosystem', 'Hedera Ecosystem', 'Berachain Ecosystem', 'Telos Ecosystem', 'Sonic Ecosystem', 'Sei Network Ecosystem', 'World Liberty Financial Portfolio', 'Swellchain Ecosystem', 'Soneium Ecosystem', 'Unichain Ecosystem', 'Monad Ecosystem', 'BOB Network Ecosystem']",,,0.0,100.0,,,
bitcoin-cash,bch,Bitcoin Cash,576.57,11504866220,466692343.0,-0.24931,"['Smart Contract Platform', 'Layer 1 (L1)', 'Bitcoin Fork', 'Proof of Work (PoW)', 'Coinbase 50 Index']",SHA-256,,71.43,28.57,,,
chainlink,link,Chainlink,14.35,9996458255,791307763.0,0.16453,"['Artificial Intelligence (AI)', 'Business Services', 'Infrastructure', 'Decentralized Finance (DeFi)', 'Oracle', 'BNB Chain Ecosystem', 'Solana Ecosystem', 'Avalanche Ecosystem', 'Polygon Ecosystem', 'Near Protocol Ecosystem', 'Gnosis Chain Ecosystem', 'Fantom Ecosystem', 'Harmony Ecosystem', 'Arbitrum Ecosystem', 'Celo Ecosystem', 'Moonriver Ecosystem', 'Moonbeam Ecosystem', 'Ethereum Ecosystem', 'XDC Ecosystem', 'Cronos Ecosystem', 'Metis Ecosystem', 'Optimism Ecosystem', 'Kaia Ecosystem', 'ZkSync Ecosystem', 'Real World Assets (RWA)', 'Mantle Ecosystem', 'Linea Ecosystem', 'Base Ecosystem', 'Shibarium Ecosystem', 'Ronin Ecosystem', 'Starknet Ecosystem', 'Osmosis Ecosystem', 'Hedera Ecosystem', 'Scroll Ecosystem', 'Berachain Ecosystem', 'Merlin Chain Ecosystem', 'Blast Ecosystem', 'WEMIX Ecosystem', 'Cybersecurity', 'Cross-chain Communication', 'Mode Ecosystem', 'Zora Ecosystem', 'Bitlayer Ecosystem', 'Core Ecosystem', 'Energi Ecosystem', 'Sora Ecosystem', 'Polygon zkEVM Ecosystem', 'Huobi ECO Chain Ecosystem', 'Milkomeda (Cardano) Ecosystem', 'Astar Ecosystem', 'opBNB Ecosystem', 'Rootstock Ecosystem', 'NEO Ecosystem', 'Fraxtal Ecosystem', 'X Layer Ecosystem', 'GMCI DeFi Index', 'GMCI 30 Index', 'Sonic Ecosystem', 'Etherlink Ecosystem', 'RWA Protocol', 'GMCI Index', 'Optimism Superchain Ecosystem', 'Zircuit Ecosystem', 'Cronos zkEVM Ecosystem', 'Sei Network Ecosystem', 'Mint Ecosystem', 'World Chain Ecosystem', 'ApeChain Ecosystem', 'Bittensor Ecosystem', 'Kroma Ecosystem', 'BSquared Network Ecosystem', 'World Liberty Financial Portfolio', 'Abstract Ecosystem', 'Ink Ecosystem', 'Soneium Ecosystem', 'Lisk Ecosystem', 'Made in USA', 'Unichain Ecosystem', 'HyperEVM Ecosystem', 'Coinbase 50 Index', 'Corn Ecosystem', 'Chain Abstraction', 'Superseed Ecosystem', 'Lens Ecosystem', 'Plume Network Ecosystem', 'Hydration Ecosystem', 'Hemi Ecosystem', 'Katana Ecosystem', 'Botanix Ecosystem', 'TAC Ecosystem', 'HashKey Chain Ecosystem', 'Plasma Ecosystem', 'x402 Ecosystem', 'Monad Ecosystem', 'BOB Network Ecosystem']",,2017-09-16,89.66,10.34,,,
usds,usds,USDS,0.999216,9691924104,22865329.0,-0.06036,"['Stablecoins', 'USD Stablecoin', 'Solana Ecosystem', 'Arbitrum Ecosystem', 'Ethereum Ecosystem', 'Fiat-backed Stablecoin']",,,0.0,100.0,,,
wrapped-eeth,weeth,Wrapped eETH,3638.62,9604225282,9994656.0,1.99222,"['Crypto-Backed Tokens', 'BNB Chain Ecosystem', 'Wrapped-Tokens', 'Avalanche Ecosystem', 'Ethereum Ecosystem', 'Optimism Ecosystem', 'ZkSync Ecosystem', 'Linea Ecosystem', 'Base Ecosystem', 'Scroll Ecosystem', 'Restaking', 'Berachain Ecosystem', 'Liquid Restaking Tokens', 'Blast Ecosystem', 'Ether.fi Ecosystem', 'Mode Ecosystem', 'Sonic Ecosystem', 'Morph L2 Ecosystem', 'Ink Ecosystem', 'Swellchain Ecosystem', 'Unichain Ecosystem', 'HyperEVM Ecosystem', 'Initia Ecosystem', 'Plasma Ecosystem']",,,0.0,100.0,,,
binance-bridged-usdt-bnb-smart-chain,bsc-usd,Binance Bridged USDT (BNB Smart Chain),1.001,8989021060,1281416834.0,0.10564,"['BNB Chain Ecosystem', 'Bridged USDT', 'Bridged-Tokens', 'Bridged Stablecoin']",,,0.0,100.0,,,
weth,weth,WETH,3361.0,8841916847,135257951.0,2.008,"['Crypto-Backed Tokens', 'Wrapped-Tokens', 'Terra Ecosystem', 'Ethereum Ecosystem', 'FTX Holdings', 'Tron Ecosystem', 'Index Coop Defi Index']",,2016-06-17,,,,,
leo-token,leo,LEO Token,9.51,8765496103,845151.0,-1.37315,"['Exchange-based Tokens', 'Centralized Exchange (CEX) Token', 'Ethereum Ecosystem', 'Sora Ecosystem']",,2019-05-20,0.0,100.0,,,
stellar,xlm,Stellar,0.252021,8150442984,162664546.0,0.19558,"['Smart Contract Platform', 'Real World Assets (RWA)', 'Stellar Ecosystem', 'GMCI 30 Index', 'GMCI Index', 'Made in USA', 'Coinbase 50 Index']",,,93.33,6.67,,,
hyperliquid,hype,Hyperliquid,29.77,8055656796,292289177.0,7.49079,"['Decentralized Exchange (DEX)', 'Smart Contract Platform', 'Exchange-based Tokens', 'Decentralized Finance (DeFi)', 'Derivatives', 'Perpetuals', 'Layer 1 (L1)', 'Proof of Stake (PoS)', 'Hyperliquid Ecosystem', 'Governance']",,,66.67,33.33,,,
monero,xmr,Monero,397.15,7322364501,184435474.0,3.85033,"['Smart Contract Platform', 'Privacy Coins', 'Layer 1 (L1)', 'Proof of Work (PoW)', 'Galaxy Digital Portfolio']",RandomX,2014-04-18,84.0,16.0,,,
coinbase-wrapped-btc,cbbtc,Coinbase Wrapped BTC,92675.0,6713176026,485562299.0,0.32152,"['Crypto-Backed Tokens', 'Tokenized BTC', 'Wrapped-Tokens', 'Solana Ecosystem', 'Arbitrum Ecosystem', 'Ethereum Ecosystem', 'Base Ecosystem']",,,0.0,100.0,,,
zcash,zec,Zcash,406.27,6674374113,785282222.0,-4.04715,"['Smart Contract Platform', 'Privacy Coins', 'Layer 1 (L1)', 'Near Protocol Ecosystem', 'Zero Knowledge (ZK)', 'Proof of Work (PoW)', 'Pantera Capital Portfolio', 'Made in USA', 'Coinbase 50 Index', 'Quantum-Resistant']",Equihash,2016-10-28,82.69,17.31,,,
ethena-usde,usde,Ethena USDe,0.999532,6556367374,186576486.0,0.08611,"['Stablecoins', 'USD Stablecoin', 'BNB Chain Ecosystem', 'Solana Ecosystem', 'Avalanche Ecosystem', 'Arbitrum Ecosystem', 'Ethereum Ecosystem', 'Metis Ecosystem', 'Optimism Ecosystem', 'Aptos Ecosystem', 'ZkSync Ecosystem', 'Mantle Ecosystem', 'Linea Ecosystem', 'Base Ecosystem', 'TON Ecosystem', 'Manta Network Ecosystem', 'Scroll Ecosystem', 'Berachain Ecosystem', 'Kava Ecosystem', 'Blast Ecosystem', 'Mode Ecosystem', 'Fraxtal Ecosystem', 'X Layer Ecosystem', 'Hyperliquid Ecosystem', 'Fiat-backed Stablecoin', 'Zircuit Ecosystem', 'Morph L2 Ecosystem', 'Swellchain Ecosystem', 'HyperEVM Ecosystem', 'Synthetic Dollar', 'Plasma Ecosystem']",,,0.0,100.0,,,
litecoin,ltc,Litecoin,85.24,6528678370,506360591.0,0.15404,"['Infrastructure', 'Smart Contract Platform', 'Layer 1 (L1)', 'Proof of Work (PoW)', 'GMCI 30 Index', 'GMCI Index', 'Made in USA', 'Coinbase 50 Index']",Scrypt,2011-10-08,80.95,19.05,,,
avalanche-2,avax,Avalanche,14.33,6155346084,452540781.0,-1.25825,"['Smart Contract Platform', 'Layer 1 (L1)', 'Avalanche Ecosystem', 'Proof of Stake (PoS)', 'DragonFly Capital Portfolio', 'DeFiance Capital Portfolio', 'Andreessen Horowitz (a16z) Portfolio', 'GMCI Layer 1 Index', 'GMCI 30 Index', 'Galaxy Digital Portfolio', 'GMCI Index', 'Polychain Capital Portfolio', 'World Liberty Financial Portfolio', 'Made in USA', 'Coinbase 50 Index']",,,88.89,11.11,,,
sui,sui,Sui,1.63,6095869017,1005952568.0,-0.22321,"['Smart Contract Platform', 'Binance Launchpool', 'Layer 1 (L1)', 'Sui Ecosystem', 'Coinbase Ventures Portfolio', 'Proof of Stake (PoS)', 'Andreessen Horowitz (a16z) Portfolio', 'YZi Labs (Prev. Binance Labs) Portfolio', 'GMCI Layer 1 Index', 'Circle Ventures Portfolio', 'GMCI Index', 'Made in USA']",,,91.18,8.82,,,
hedera-hashgraph,hbar,Hedera,0.136666,5808371581,160130946.0,-0.82982,"['Smart Contract Platform', 'Layer 1 (L1)', 'Hedera Ecosystem', 'GMCI Layer 1 Index', 'GMCI 30 Index', 'GMCI Index', 'Outlier Ventures Portfolio', 'Made in USA', 'Directed Acyclic Graph (DAG)']",Directed Acyclic Graph (DAG),,92.0,8.0,,,
shiba-inu,shib,Shiba Inu,8.67e-06,5107414727,147029996.0,-0.17892,"['Meme', 'Ethereum Ecosystem', 'Animoca Brands Portfolio', 'Dog-Themed', 'GMCI Meme Index', 'GMCI 30 Index', 'GMCI Index', 'Coinbase 50 Index']",,,77.27,22.73,,,
usdt0,usdt0,USDT0,1.001,4650667657,339906251.0,0.05277,"['Polygon Ecosystem', 'Arbitrum Ecosystem', 'Optimism Ecosystem', 'Mantle Ecosystem', 'Berachain Ecosystem', 'Bridged USDT', 'Flare Network Ecosystem', 'Conflux Ecosystem', 'Rootstock Ecosystem', 'X Layer Ecosystem', 'Hyperliquid Ecosystem', 'Sei Network Ecosystem', 'Bridged-Tokens', 'Ink Ecosystem', 'Bridged Stablecoin', 'Unichain Ecosystem', 'HyperEVM Ecosystem', 'Corn Ecosystem', 'Plasma Ecosystem', 'Monad Ecosystem', 'Stable Ecosystem']",,,0.0,100.0,,,
susds,susds,sUSDS,1.077,4359748213,19095452.0,-0.10515,"['Arbitrum Ecosystem', 'Ethereum Ecosystem', 'Optimism Ecosystem', 'Yield-Bearing Stablecoin']",,,,,,,
dai,dai,Dai,0.99988,4336401144,57602787.0,0.0458,"['Stablecoins', 'Decentralized Finance (DeFi)', 'USD Stablecoin', 'Ethereum Ecosystem', 'Crypto-backed Stablecoin', 'Fiat-backed Stablecoin']",,,0.0,100.0,,,
world-liberty-financial,wlfi,World Liberty Financial,0.154803,4217084530,126387933.0,3.04874,"['BNB Chain Ecosystem', 'Solana Ecosystem', 'Ethereum Ecosystem', 'Stablecoin Issuer', 'Made in USA', 'Trump-Affiliated']",,,45.0,55.0,,,
the-open-network,ton,Toncoin,1.69,4128339107,90907046.0,2.67024,"['Smart Contract Platform', 'BNB Chain Ecosystem', 'Layer 1 (L1)', 'Ethereum Ecosystem', 'Animoca Brands Portfolio', 'Alleged SEC Securities', 'DWF Labs Portfolio', 'TON Ecosystem', 'Proof of Stake (PoS)', 'Pantera Capital Portfolio', 'GMCI Layer 1 Index', 'GMCI 30 Index', 'GMCI Index']",,,6.12,93.88,,,
crypto-com-chain,cro,Cronos,0.104431,3902936547,16471972.0,-1.02522,"['Smart Contract Platform', 'Exchange-based Tokens', 'Centralized Exchange (CEX) Token', 'Layer 1 (L1)', 'Ethereum Ecosystem', 'GMCI Layer 1 Index', 'GMCI 30 Index', 'GMCI Index']",Ethash,2018-11-14,90.0,10.0,,,
paypal-usd,pyusd,PayPal USD,0.999997,3825357529,131048382.0,0.02806,"['Stablecoins', 'USD Stablecoin', 'Solana Ecosystem', 'Arbitrum Ecosystem', 'Ethereum Ecosystem', 'Starknet Ecosystem', 'Stellar Ecosystem', 'Fiat-backed Stablecoin', 'Made in USA']",,,0.0,100.0,,,
mantle,mnt,Mantle,1.16,3777470638,175718067.0,4.68066,"['Smart Contract Platform', 'Ethereum Ecosystem', 'Layer 2 (L2)', 'Mantle Ecosystem', 'DWF Labs Portfolio', 'DragonFly Capital Portfolio', 'GMCI Layer 2 Index', 'GMCI 30 Index', 'GMCI Index', 'World Liberty Financial Portfolio', 'Made in China', 'Neobank']",,,40.0,60.0,,,
polkadot,dot,Polkadot,2.23,3670610379,198192550.0,-1.98868,"['Smart Contract Platform', 'Polkadot Ecosystem', 'BNB Chain Ecosystem', 'Arbitrum Ecosystem', 'Ethereum Ecosystem', 'Optimism Ecosystem', 'Base Ecosystem', 'Proof of Stake (PoS)', 'Layer 0 (L0)', 'Pantera Capital Portfolio', 'GMCI 30 Index', 'GMCI Index', 'Made in USA', 'Coinbase 50 Index', 'Governance']",,,74.29,25.71,,,
uniswap,uni,Uniswap,5.74,3616372251,355759256.0,-0.27342,"['Decentralized Exchange (DEX)', 'Exchange-based Tokens', 'Decentralized Finance (DeFi)', 'Yield Farming', 'Automated Market Maker (AMM)', 'BNB Chain Ecosystem', 'Avalanche Ecosystem', 'Polygon Ecosystem', 'Near Protocol Ecosystem', 'Gnosis Chain Ecosystem', 'Harmony Ecosystem', 'Arbitrum Ecosystem', 'Ethereum Ecosystem', 'Optimism Ecosystem', 'Paradigm Portfolio', 'Coinbase Ventures Portfolio', 'Index Coop Defi Index', 'Andreessen Horowitz (a16z) Portfolio', 'Energi Ecosystem', 'Sora Ecosystem', 'Huobi ECO Chain Ecosystem', 'GMCI DeFi Index', 'GMCI 30 Index', 'Blockchain Capital Portfolio', 'GMCI Index', 'Polychain Capital Portfolio', 'Made in USA', 'Unichain Ecosystem', 'Coinbase 50 Index', 'Governance']",,,66.67,33.33,,,
ethena-staked-usde,susde,Ethena Staked USDe,1.21,3552455074,71205837.0,0.01627,"['BNB Chain Ecosystem', 'Solana Ecosystem', 'Avalanche Ecosystem', 'Arbitrum Ecosystem', 'Liquid Staking Tokens', 'Ethereum Ecosystem', 'Metis Ecosystem', 'Optimism Ecosystem', 'Aptos Ecosystem', 'ZkSync Ecosystem', 'Mantle Ecosystem', 'Linea Ecosystem', 'Base Ecosystem', 'TON Ecosystem', 'Manta Network Ecosystem', 'Scroll Ecosystem', 'Berachain Ecosystem', 'Kava Ecosystem', 'Blast Ecosystem', 'Mode Ecosystem', 'Fraxtal Ecosystem', 'X Layer Ecosystem', 'Zircuit Ecosystem', 'Morph L2 Ecosystem', 'Swellchain Ecosystem', 'HyperEVM Ecosystem', 'Yield-Bearing Stablecoin', 'Plasma Ecosystem']",,,,,,,
aave,aave,Aave,199.67,3028149371,452947341.0,-1.93055,"['Decentralized Finance (DeFi)', 'Yield Farming', 'BNB Chain Ecosystem', 'Lending/Borrowing Protocols', 'Avalanche Ecosystem', 'Polygon Ecosystem', 'Near Protocol Ecosystem', 'Fantom Ecosystem', 'Harmony Ecosystem', 'Arbitrum Ecosystem', 'Ethereum Ecosystem', 'Optimism Ecosystem', 'Base Ecosystem', 'Index Coop Defi Index', 'Stablecoin Issuer', 'Energi Ecosystem', 'Sora Ecosystem', 'Huobi ECO Chain Ecosystem', 'GMCI DeFi Index', 'Blockchain Capital Portfolio', 'GMCI Index', 'World Liberty Financial Portfolio', 'Coinbase 50 Index', 'Hydration Ecosystem', 'Governance']",,,85.71,14.29,,,
bittensor,tao,Bittensor,300.1,2880249748,150512376.0,0.39591,"['Artificial Intelligence (AI)', 'Smart Contract Platform', 'Layer 1 (L1)', 'DePIN', 'Bittensor Ecosystem', 'Polychain Capital Portfolio']",,,76.47,23.53,,,
usd1-wlfi,usd1,USD1,0.999611,2739162106,380180371.0,0.06819,"['Stablecoins', 'USD Stablecoin', 'Solana Ecosystem', 'Ethereum Ecosystem', 'Aptos Ecosystem', 'Tron Ecosystem', 'World Liberty Financial Portfolio', 'Plume Network Ecosystem', 'Trump-Affiliated']",,,0.0,100.0,,,
rain,rain,Rain,0.00801381,2719526260,25424328.0,4.63125,"['Gambling (GambleFi)', 'Decentralized Finance (DeFi)', 'Options', 'Prediction Markets', 'Arbitrum Ecosystem']",,,57.14,42.86,,,
canton-network,cc,Canton,0.074888,2687134138,14181531.0,1.53059,"['Smart Contract Platform', 'Layer 1 (L1)', 'Privacy Blockchain']",,,50.0,50.0,,,
bitget-token,bgb,Bitget Token,3.6,2516881656,95359820.0,-0.8313,"['Exchange-based Tokens', 'Centralized Exchange (CEX) Token', 'Ethereum Ecosystem', 'DragonFly Capital Portfolio', 'Morph L2 Ecosystem', 'Made in China']",,,0.0,100.0,,,
okb,okb,OKB,119.24,2508358584,63204984.0,1.22261,"['Exchange-based Tokens', 'Centralized Exchange (CEX) Token', 'Ethereum Ecosystem', 'Sora Ecosystem', 'OKT Chain Ecosystem', 'GMCI 30 Index', 'GMCI Index', 'Made in China']",,,75.0,25.0,,,
memecore,m,MemeCore,1.43,2448783933,20285851.0,6.07726,"['Smart Contract Platform', 'BNB Chain Ecosystem', 'Layer 1 (L1)', 'Meme', 'Binance Alpha Spotlight', 'MemeCore Ecosystem']",,,50.0,50.0,,,
near,near,NEAR Protocol,1.79,2298017041,200159263.0,0.0266,"['Artificial Intelligence (AI)', 'Smart Contract Platform', 'Layer 1 (L1)', 'Near Protocol Ecosystem', 'Ethereum Ecosystem', 'Alleged SEC Securities', 'FTX Holdings', 'Data Availability', 'Coinbase Ventures Portfolio', 'Multicoin Capital Portfolio', 'Proof of Stake (PoS)', 'Alameda Research Portfolio', 'DragonFly Capital Portfolio', 'Pantera Capital Portfolio', 'Andreessen Horowitz (a16z) Portfolio', 'GMCI Layer 1 Index', 'GMCI 30 Index', 'Circle Ventures Portfolio', 'GMCI Index', 'Made in USA', 'Coinbase 50 Index', 'Chain Abstraction']",,,68.18,31.82,,,
falcon-finance,usdf,Falcon USD,0.998781,2216923930,584045.0,-0.00118,"['Stablecoins', 'USD Stablecoin', 'BNB Chain Ecosystem', 'XDC Ecosystem', 'Crypto-backed Stablecoin', 'Synthetic Dollar']",,,0.0,100.0,,,
tether-gold,xaut,Tether Gold,4216.4,2201391947,239046994.0,0.40887,"['Stablecoins', 'Tokenized Assets', 'Tokenized Gold', 'Ethereum Ecosystem', 'Real World Assets (RWA)', 'Tokenized Commodities']",,,50.0,50.0,,,
ethereum-classic,etc,Ethereum Classic,13.87,2145692839,68692414.0,0.34597,"['Smart Contract Platform', 'Layer 1 (L1)', 'Proof of Work (PoW)', 'Coinbase 50 Index']",Ethash,2015-07-30,20.0,80.0,,,
binance-peg-weth,weth,Binance-Peg WETH,3358.87,2031338320,76308943.0,1.95822,"['BNB Chain Ecosystem', 'Binance-Peg Tokens']",,,0.0,100.0,,,
ethena,ena,Ethena,0.263086,2021352108,278901218.0,-4.97623,"['Decentralized Finance (DeFi)', 'Binance Launchpool', 'Avalanche Ecosystem', 'Arbitrum Ecosystem', 'Ethereum Ecosystem', 'Metis Ecosystem', 'Optimism Ecosystem', 'ZkSync Ecosystem', 'Mantle Ecosystem', 'Base Ecosystem', 'TON Ecosystem', 'Manta Network Ecosystem', 'Scroll Ecosystem', 'Kava Ecosystem', 'Blast Ecosystem', 'Stablecoin Issuer', 'Mode Ecosystem', 'DragonFly Capital Portfolio', 'YZi Labs (Prev. Binance Labs) Portfolio', 'Fraxtal Ecosystem', 'Delphi Ventures Portfolio', 'OKX Ventures Portfolio', 'Zircuit Ecosystem', 'Morph L2 Ecosystem', 'World Liberty Financial Portfolio', 'Swellchain Ecosystem', 'Governance']",,,91.67,8.33,,,
aster-2,aster,Aster,0.953409,1997869159,302252686.0,-1.08276,"['Decentralized Exchange (DEX)', 'Exchange-based Tokens', 'Decentralized Finance (DeFi)', 'BNB Chain Ecosystem', 'Perpetuals', 'Made in China']",,,55.56,44.44,,,
pepe,pepe,Pepe,4.74e-06,1994012205,509983921.0,-2.79503,"['BNB Chain Ecosystem', 'Avalanche Ecosystem', 'Meme', 'Arbitrum Ecosystem', 'Ethereum Ecosystem', 'Frog-Themed', 'GMCI Meme Index', 'GMCI Index', 'The Boy’s Club', '4chan-Themed']",,,72.41,27.59,,,
jito-staked-sol,jitosol,Jito Staked SOL,171.93,1933665475,31672105.0,0.22078,"['Solana Ecosystem', 'Liquid Staking Tokens', 'Neon Ecosystem', 'Liquid Staked SOL', 'Liquid Staking', 'Katana Ecosystem']",,,0.0,100.0,,,
internet-computer,icp,Internet Computer,3.51,1902781449,104777451.0,-1.90429,"['Artificial Intelligence (AI)', 'Infrastructure', 'Smart Contract Platform', 'Layer 1 (L1)', 'Ethereum Ecosystem', 'Internet Computer Ecosystem', 'Base Ecosystem', 'Alleged SEC Securities', 'Multicoin Capital Portfolio', 'Layer 0 (L0)', 'Andreessen Horowitz (a16z) Portfolio', 'GMCI Layer 1 Index', 'GMCI 30 Index', 'Blockchain Capital Portfolio', 'GMCI Index', 'Polychain Capital Portfolio', 'Coinbase 50 Index', 'Governance']",,,92.0,8.0,,,
blackrock-usd-institutional-digital-liquidity-fund,buidl,BlackRock USD Institutional Digital Liquidity Fund,1.0,1829933235,0.0,0.0,"['BNB Chain Ecosystem', 'Solana Ecosystem', 'Avalanche Ecosystem', 'Polygon Ecosystem', 'Arbitrum Ecosystem', 'Ethereum Ecosystem', 'Optimism Ecosystem', 'Aptos Ecosystem', 'Real World Assets (RWA)']",,,100.0,0.0,,,
pi-network,pi,Pi Network,0.213383,1779337065,16856098.0,-1.86272,"['Layer 1 (L1)', 'Made in USA', 'Mobile Mining']",,,75.19,24.81,,,
pump-fun,pump,Pump.fun,0.00293004,1727037919,107240269.0,-3.18757,"['Decentralized Exchange (DEX)', 'Exchange-based Tokens', 'SocialFi', 'Decentralized Finance (DeFi)', 'Automated Market Maker (AMM)', 'Solana Ecosystem', 'Launchpad', 'Meme']",,,42.86,57.14,,,
wrapped-solana,sol,Wrapped SOL,137.95,1724395425,968483019.0,0.10166,"['Crypto-Backed Tokens', 'Wrapped-Tokens', 'Solana Ecosystem']",,,50.0,50.0,,,
jupiter-perpetuals-liquidity-provider-token,jlp,Jupiter Perpetuals Liquidity Provider Token,4.77,1704055950,52622572.0,0.29727,"['Decentralized Finance (DeFi)', 'LP Tokens', 'Solana Ecosystem']",,,100.0,0.0,,,
ondo-finance,ondo,Ondo,0.496777,1569706629,92207377.0,-0.2036,"['Decentralized Finance (DeFi)', 'Ethereum Ecosystem', 'Real World Assets (RWA)', 'Coinbase Ventures Portfolio', 'Pantera Capital Portfolio', 'GMCI DeFi Index', 'RWA Protocol', 'GMCI Index', 'World Liberty Financial Portfolio', 'Binance Alpha Spotlight', 'Made in USA']",,,59.09,40.91,,,
syrupusdc,syrupusdc,syrupUSDC,1.14,1550931055,7375333.0,0.01544,"['Decentralized Finance (DeFi)', 'Solana Ecosystem', 'Arbitrum Ecosystem', 'Ethereum Ecosystem', 'Base Ecosystem', 'Yield-Bearing Stablecoin']",,,0.0,100.0,,,
worldcoin-wld,wld,Worldcoin,0.626528,1533636445,109148037.0,-0.85614,"['Smart Contract Platform', 'Ethereum Ecosystem', 'Decentralized Identifier (DID)', 'Optimism Ecosystem', 'Coinbase Ventures Portfolio', 'Multicoin Capital Portfolio', 'Andreessen Horowitz (a16z) Portfolio', 'Blockchain Capital Portfolio', 'Optimism Superchain Ecosystem', 'World Chain Ecosystem', 'Made in USA', 'Governance']",,,90.0,10.0,,,
htx-dao,htx,HTX DAO,1.64e-06,1526661890,17769715.0,0.2404,"['Exchange-based Tokens', 'BNB Chain Ecosystem', 'Centralized Exchange (CEX) Token', 'Ethereum Ecosystem', 'Tron Ecosystem']",,,50.0,50.0,,,
pax-gold,paxg,PAX Gold,4234.57,1442060181,104593601.0,0.48092,"['Stablecoins', 'Tokenized Assets', 'Tokenized Gold', 'Ethereum Ecosystem', 'Real World Assets (RWA)', 'Tokenized Commodities']",,,66.67,33.33,,,
rocket-pool-eth,reth,Rocket Pool ETH,3860.45,1405968047,18913700.0,2.01093,"['Polygon Ecosystem', 'Arbitrum Ecosystem', 'Liquid Staking Tokens', 'Ethereum Ecosystem', 'Optimism Ecosystem', 'Base Ecosystem', 'Ronin Ecosystem', 'Liquid Staked ETH', 'Liquid Staking', 'Unichain Ecosystem']",,,50.0,50.0,,,
kucoin-shares,kcs,KuCoin,10.84,1404219904,5796877.0,3.93155,"['Exchange-based Tokens', 'Centralized Exchange (CEX) Token', 'Circle Ventures Portfolio', 'Made in China']",,2017-08-22,100.0,0.0,,,
ether-fi-staked-eth,eeth,ether.fi Staked ETH,3357.27,1397801304,380175.0,1.59497,"['Liquid Staking Tokens', 'Ethereum Ecosystem', 'Restaking', 'Liquid Restaking Tokens', 'Ether.fi Ecosystem', 'Liquid Staked ETH', 'Liquid Staking']",,,,,,,
global-dollar,usdg,Global Dollar,0.999863,1379160448,27897298.0,0.00325,"['Stablecoins', 'USD Stablecoin', 'Solana Ecosystem', 'Ethereum Ecosystem', 'X Layer Ecosystem', 'Fiat-backed Stablecoin', 'Ink Ecosystem']",,,0.0,100.0,,,
hashnote-usyc,usyc,Circle USYC,1.11,1363553989,222007.0,-0.00952,"['BNB Chain Ecosystem', 'Solana Ecosystem', 'Ethereum Ecosystem', 'Real World Assets (RWA)', 'US Treasury-backed Stablecoin']",,,0.0,100.0,,,
syrupusdt,syrupusdt,syrupUSDT,1.11,1346657039,998165.0,-0.10226,"['Ethereum Ecosystem', 'Yield-Bearing Stablecoin', 'Plasma Ecosystem']",,,0.0,100.0,,,
hash-2,hash,Provenance Blockchain,0.0257354,1341577893,3261.39,-14.86201,"['Smart Contract Platform', 'Layer 1 (L1)', 'Real World Assets (RWA)', 'Proof of Stake (PoS)', 'Provenance Ecosystem']",,,40.0,60.0,,,
aptos,apt,Aptos,1.81,1336038623,233122818.0,-2.63897,"['Smart Contract Platform', 'Layer 1 (L1)', 'Aptos Ecosystem', 'FTX Holdings', 'Coinbase Ventures Portfolio', 'Multicoin Capital Portfolio', 'Proof of Stake (PoS)', 'DragonFly Capital Portfolio', 'Andreessen Horowitz (a16z) Portfolio', 'YZi Labs (Prev. Binance Labs) Portfolio', 'GMCI Layer 1 Index', 'GMCI 30 Index', 'Circle Ventures Portfolio', 'GMCI Index', 'Made in USA']",,,100.0,0.0,,,
kaspa,kas,Kaspa,0.04979179,1333568589,35926328.0,-3.71636,"['Smart Contract Platform', 'Layer 1 (L1)', 'Wallets', 'Proof of Work (PoW)', 'Kaspa Ecosystem', 'Made in USA', 'Directed Acyclic Graph (DAG)']",,,83.33,16.67,,,
polygon-ecosystem-token,pol,POL (ex-MATIC),0.125342,1322774582,66578155.0,-0.61971,"['Smart Contract Platform', 'Polygon Ecosystem', 'Ethereum Ecosystem', 'Layer 2 (L2)']",,,64.29,35.71,,,
bfusd,bfusd,BFUSD,0.999479,1319303446,14495787.0,0.01539,"['Stablecoins', 'Yield-Bearing Stablecoin']",,,0.0,100.0,,,
midnight-3,night,Midnight,0.080175,1311888772,291087175.0,86.27881,"['BNB Chain Ecosystem', 'Layer 1 (L1)', 'Cardano Ecosystem', 'Zero Knowledge (ZK)', 'Privacy Blockchain', 'Binance Alpha Spotlight']",,,88.31,11.69,,,
ripple-usd,rlusd,Ripple USD,0.999767,1296709108,79486269.0,0.00752,"['Stablecoins', 'USD Stablecoin', 'Ethereum Ecosystem', 'XRP Ledger Ecosystem', 'Fiat-backed Stablecoin', 'Made in USA']",,,62.5,37.5,,,
binance-bridged-usdc-bnb-smart-chain,usdc,Binance Bridged USDC (BNB Smart Chain),0.999857,1288955293,245367602.0,0.00365,"['BNB Chain Ecosystem', 'Bridged USDC', 'Bridged-Tokens', 'Bridged Stablecoin']",,,,,,,
sky,sky,Sky,0.055919,1281409454,11877100.0,4.48554,"['Decentralized Finance (DeFi)', 'Ethereum Ecosystem', 'Stablecoin Issuer', 'Hydration Ecosystem', 'Governance']",,,100.0,0.0,,,
gatechain-token,gt,Gate,10.58,1242077618,4365354.0,0.53628,"['Smart Contract Platform', 'Exchange-based Tokens', 'Centralized Exchange (CEX) Token', 'Ethereum Ecosystem', 'Proof of Stake (PoS)', 'Made in China', 'GateLayer Ecosystem']",,,50.0,50.0,,,
arbitrum,arb,Arbitrum,0.220589,1239479093,134475719.0,-0.0388,"['Smart Contract Platform', 'Arbitrum Ecosystem', 'Ethereum Ecosystem', 'Arbitrum Nova Ecosystem', 'Layer 2 (L2)', 'eGirl Capital Portfolio', 'Rollup', 'Alameda Research Portfolio', 'Pantera Capital Portfolio', 'GMCI Layer 2 Index', 'GMCI 30 Index', 'GMCI Index', 'Polychain Capital Portfolio', 'Made in USA', 'Governance']",,,50.0,50.0,,,
quant-network,qnt,Quant,85.15,1238184672,18690709.0,-1.14412,"['Infrastructure', 'Ethereum Ecosystem', 'Real World Assets (RWA)', 'Energi Ecosystem', 'Coinbase 50 Index']",Ethash,2018-06-25,80.0,20.0,,,
wbnb,wbnb,Wrapped BNB,900.63,1225125621,651340357.0,0.4837,"['Crypto-Backed Tokens', 'BNB Chain Ecosystem', 'Wrapped-Tokens']",,,0.0,100.0,,,
kelp-dao-restaked-eth,rseth,Kelp DAO Restaked ETH,3556.68,1217226636,312196.0,1.93999,"['Liquid Staking Tokens', 'Ethereum Ecosystem', 'Restaking', 'Liquid Restaking Tokens', 'Liquid Staked ETH', 'Liquid Staking']",,,0.0,100.0,,,
algorand,algo,Algorand,0.137356,1211585600,54015507.0,0.47348,"['Smart Contract Platform', 'Layer 1 (L1)', 'Algorand Ecosystem', 'Real World Assets (RWA)', 'Alleged SEC Securities', 'DWF Labs Portfolio', 'Multicoin Capital Portfolio', 'Proof of Stake (PoS)', 'GMCI Layer 1 Index', 'GMCI Index', 'Made in USA', 'Coinbase 50 Index']",,,76.47,23.53,,,
binance-staked-sol,bnsol,Binance Staked SOL,149.96,1203341699,3562478.0,0.47999,"['Decentralized Finance (DeFi)', 'Solana Ecosystem', 'Liquid Staking Tokens', 'Liquid Staked SOL', 'Liquid Staking']",,,0.0,100.0,,,
official-trump,trump,Official Trump,5.79,1157037674,251040678.0,-1.46087,"['Solana Ecosystem', 'Meme', 'Solana Meme', 'PolitiFi', 'Made in USA', 'Trump-Affiliated']",,,18.18,81.82,,,
liquid-staked-ethereum,lseth,Liquid Staked ETH,3598.62,1117177696,63986.0,1.01067,"['Liquid Staking Tokens', 'Ethereum Ecosystem', 'Base Ecosystem', 'Liquid Staked ETH', 'Liquid Staking']",,,0.0,100.0,,,
cosmos,atom,Cosmos Hub,2.29,1107049847,59950318.0,-1.31575,"['Smart Contract Platform', 'BNB Chain Ecosystem', 'Cosmos Ecosystem', 'Terra Ecosystem', 'Canto Ecosystem', 'Alleged SEC Securities', 'Osmosis Ecosystem', 'Paradigm Portfolio', 'Proof of Stake (PoS)', 'Kava Ecosystem', 'Layer 0 (L0)', 'DragonFly Capital Portfolio', 'Pantera Capital Portfolio', 'Archway Ecosystem', 'Evmos Ecosystem', 'GMCI 30 Index', 'GMCI Index', 'Outlier Ventures Portfolio', 'Polychain Capital Portfolio', 'Mantra Ecosystem', 'Coinbase 50 Index', 'Governance']",,,67.74,32.26,,,
filecoin,fil,Filecoin,1.5,1087064431,150986659.0,-1.99789,"['Infrastructure', 'Smart Contract Platform', 'Storage', 'Layer 1 (L1)', 'DePIN', 'Alleged SEC Securities', 'Pantera Capital Portfolio', 'GMCI DePIN Index', 'GMCI 30 Index', 'Sequoia Capital Portfolio', 'Blockchain Capital Portfolio', 'GMCI Index', 'Made in USA']",,,42.86,57.14,,,
vechain,vet,VeChain,0.01250755,1076007137,28219611.0,-1.07664,"['Internet of Things (IOT)', 'Smart Contract Platform', 'Layer 1 (L1)', 'VeChain Ecosystem', 'Made in China']",,2017-08-15,66.67,33.33,,,
ignition-fbtc,fbtc,Function FBTC,91824.0,1073411881,123208.0,-0.29896,,,,,,,,
flare-networks,flr,Flare,0.01281032,1029605981,4859322.0,-0.94597,,,,,,,,
lombard-staked-btc,lbtc,Lombard Staked BTC,92855.0,1028366378,4741523.0,0.61865,,,,,,,,
solv-btc,solvbtc,Solv Protocol BTC,92329.0,1021391568,92607.0,0.19586,,,,,,,,
nexo,nexo,NEXO,0.986974,987614266,9855323.0,0.89202,,,,,,,,
xdce-crowd-sale,xdc,XDC Network,0.050234,930451903,31883267.0,3.4903,,,,,,,,
sei-network,sei,Sei,0.145292,925387958,178102485.0,6.61742,,,,,,,,
render-token,render,Render,1.67,868398536,55180542.0,-0.35547,,,,,,,,
usdtb,usdtb,USDtb,1.0,849732001,719025.0,0.10283,,,,,,,,
renzo-restaked-eth,ezeth,Renzo Restaked ETH,3580.02,826461956,665722.0,1.72403,,,,,,,,
kinetic-staked-hype,khype,Kinetiq Staked HYPE,29.89,824467421,38762275.0,7.25325,,,,,,,,
bonk,bonk,Bonk,9.7e-06,802193822,133171002.0,-1.55587,,,,,,,,
ousg,ousg,OUSG,113.58,797220707,0.0,0.00997,,,,,,,,
superstate-short-duration-us-government-securities-fund-ustb,ustb,Superstate Short Duration U.S. Government Securities Fund (USTB),10.92,792738189,0.0,0.00984,,,,,,,,
pancakeswap-token,cake,PancakeSwap,2.34,788090323,51786135.0,-0.67439,,,,,,,,
mantle-staked-ether,meth,Mantle Staked Ether,3625.51,787783157,7094697.0,1.9201,,,,,,,,
wrappedm-by-m0,wm,WrappedM by M^0,0.999968,770744661,7133369.0,0.00084,,,,,,,,
janus-henderson-anemoy-aaa-clo-fund,jaaa,Janus Henderson Anemoy AAA CLO Fund,1.017,763266577,0.0,0.00895,,,,,,,,
pudgy-penguins,pengu,Pudgy Penguins,0.01211493,761711968,205322951.0,-2.51543,,,,,,,,
first-digital-usd,fdusd,First Digital USD,0.998297,753746860,1052059639.0,-0.03069,,,,,,,,
arbitrum-bridged-wbtc-arbitrum-one,wbtc,Arbitrum Bridged WBTC (Arbitrum One),92645.0,749798266,176263351.0,0.44923,,,,,,,,
jupiter-exchange-solana,jup,Jupiter,0.230813,724696375,38382599.0,-0.18799,,,,,,,,
wrapped-flare,wflr,Wrapped Flare,0.01281232,723623968,3204320.0,-1.14017,,,,,,,,
clbtc,clbtc,clBTC,92479.0,714233375,24.23,-1.21792,,,,,,,,
bridged-usdc-polygon-pos-bridge,usdc.e,Polygon Bridged USDC (Polygon PoS),0.999795,705646202,15891960.0,-0.00081,,,,,,,,
story-2,ip,Story,2.12,702455527,28713690.0,-2.71529,,,,,,,,
ondo-us-dollar-yield,usdy,Ondo US Dollar Yield,1.11,688682293,96843.0,-0.46856,,,,,,,,
fetch-ai,fet,Artificial Superintelligence Alliance,0.258746,674331733,108999003.0,0.85574,,,,,,,,
morpho,morpho,Morpho,1.25,672801285,15722238.0,-2.39578,,,,,,,,
stakewise-v3-oseth,oseth,StakeWise Staked ETH,3473.22,663524797,2079922.0,1.24161,,,,,,,,
jupiter-staked-sol,jupsol,Jupiter Staked SOL,159.27,663013076,4292252.0,0.06349,,,,,,,,
ultima,ultima,Ultima,6475.86,647526608,16367547.0,4.02863,,,,,,,,
usdai,usdai,USDai,1.0,647171067,1672661.0,0.05394,,,,,,,,
polygon-pos-bridged-dai-polygon-pos,dai,Polygon PoS Bridged DAI (Polygon POS),0.999918,633532057,55294606.0,-0.00068,,,,,,,,
optimism,op,Optimism,0.329466,625305258,80486648.0,-1.34168,,,,,,,,
l2-standard-bridged-weth-base,weth,L2 Standard Bridged WETH (Base),3359.95,622958007,682739182.0,1.86099,,,,,,,,
spx6900,spx,SPX6900,0.645071,600794771,26933289.0,1.17887,,,,,,,,
beldex,bdx,Beldex,0.087069,599786205,11924115.0,-0.50267,,,,,,,,
curve-dao-token,crv,Curve DAO,0.414938,595344850,64245730.0,2.30878,,,,,,,,
aerodrome-finance,aero,Aerodrome Finance,0.654832,590794333,28403622.0,-1.23808,,,,,,,,
dash,dash,Dash,47.16,589401969,139920193.0,-4.52936,,,,,,,,
injective-protocol,inj,Injective,5.79,579600773,86831971.0,0.33437,,,,,,,,
lido-dao,ldo,Lido DAO,0.632183,564923941,93744341.0,0.27646,,,,,,,,
virtual-protocol,virtual,Virtuals Protocol,0.860691,564793722,94741503.0,-0.86205,,,,,,,,
blockstack,stx,Stacks,0.31008,563378266,18816324.0,-3.21887,,,,,,,,
tbtc,tbtc,tBTC,91961.0,560626949,25319221.0,-0.1071,,,,,,,,
usual-usd,usd0,Usual USD,0.998365,549021563,4073950.0,-0.0214,,,,,,,,
myx-finance,myx,MYX Finance,2.84,541867121,33410950.0,-6.20676,,,,,,,,
gteth,gteth,GTETH,3361.76,536470769,182813.0,2.15895,,,,,,,,
tezos,xtz,Tezos,0.498594,532506667,19987252.0,0.68727,,,,,,,,
starknet,strk,Starknet,0.109838,527630257,74340413.0,-2.89954,,,,,,,,
celestia,tia,Celestia,0.615762,525228146,73516827.0,-1.15497,,,,,,,,
bridged-wrapped-ether-pundi-aifx-omnilayer,weth,Bridged Wrapped Ether (Pundi AIFX Omnilayer),35382014.0,525066363,0.0,0.0,,,,,,,,
ether-fi,ethfi,Ether.fi,0.857841,522424342,47502652.0,-0.74722,,,,,,,,
telcoin,tel,Telcoin,0.00541278,514591038,2286026.0,1.43674,,,,,,,,
stader-ethx,ethx,Stader ETHx,3614.08,507008352,208292.0,1.79298,,,,,,,,
arbitrum-bridged-weth-arbitrum-one,weth,Arbitrum Bridged WETH (Arbitrum One),3361.65,505332514,525884970.0,2.06019,,,,,,,,
true-usd,tusd,TrueUSD,0.998705,493847142,10243031.0,0.14248,,,,,,,,
the-graph,grt,The Graph,0.04637219,493168898,25976490.0,-1.16229,,,,,,,,
cgeth-hashkey-cloud,cgeth.hashkey,cgETH Hashkey Cloud,2460.42,491909683,265.78,,,,,,,,,
floki,floki,FLOKI,5.067e-05,488954807,57412409.0,0.21327,,,,,,,,
msol,msol,Marinade Staked SOL,185.41,488730886,3863235.0,0.2405,,,,,,,,
usdd,usdd,USDD,1.0,486321040,18881601.0,0.01463,,,,,,,,
wrapped-apecoin,wape,Wrapped ApeCoin,0.239048,479960510,505324.0,-2.54856,,,,,,,,
ether-fi-liquid-eth,liquideth,Ether.Fi Liquid ETH,3574.66,478775311,1573.61,2.92308,,,,,,,,
eutbl,eutbl,Spiko EU T-Bills Money Market Fund,1.22,478121833,0.0,0.56189,,,,,,,,
doublezero,2z,DoubleZero,0.130229,451641445,12480313.0,-3.28421,,,,,,,,
gho,gho,GHO,0.999637,451447656,6489850.0,-0.02332,,,,,,,,
kaia,kaia,Kaia,0.07704,451199600,12221126.0,-3.17504,,,,,,,,
sweth,sweth,Swell Ethereum,3683.94,446947302,41627.0,1.6851,,,,,,,,
iota,iota,IOTA,0.10574,443199188,8134515.0,-0.43696,,,,,,,,
ethereum-name-service,ens,Ethereum Name Service,11.57,442115170,30265393.0,-0.29244,,,,,,,,
mantle-bridged-usdt-mantle,usdt,Mantle Bridged USDT (Mantle),0.996533,434346125,2306084.0,-0.07478,,,,,,,,
coinbase-wrapped-staked-eth,cbeth,Coinbase Wrapped Staked ETH,3735.42,428852295,5413363.0,1.87131,,,,,,,,
newton-project,ab,AB,0.00471041,427588711,9887271.0,-0.27727,,,,,,,,
trust-wallet-token,twt,Trust Wallet,1.011,421272827,17656793.0,-0.04993,,,,,,,,
steakhouse-usdc-morpho-vault,steakusdc,Steakhouse USDC Morpho Vault,1.11,413384992,0.0,-0.08178,,,,,,,,
bittorrent,btt,BitTorrent,4.1902e-07,413079143,26799380.0,-0.6061,,,,,,,,
sbtc-2,sbtc,sBTC,92597.0,405990635,31183.0,-0.5476,,,,,,,,
bitcoin-cash-sv,bsv,Bitcoin SV,20.3,405491211,11806734.0,-0.9818,,,,,,,,
pendle,pendle,Pendle,2.44,401103724,45755529.0,4.87348,,,,,,,,
pyth-network,pyth,Pyth Network,0.0694,399406686,19676589.0,-1.18305,,,,,,,,
usdb,usdb,USDB,0.983364,399333142,532885.0,0.79658,,,,,,,,
dogwifcoin,wif,dogwifhat,0.398542,398271374,218863221.0,-6.8833,,,,,,,,
sun-token,sun,Sun Token,0.02045385,392481289,25210862.0,-0.5045,,,,,,,,
basic-attention-token,bat,Basic Attention,0.261729,391634910,35792178.0,-2.37463,,,,,,,,
lorenzo-wrapped-bitcoin,enzobtc,Lorenzo Wrapped Bitcoin,90454.0,389737209,0.0,,,,,,,,,
conflux-token,cfx,Conflux,0.075033,387291321,16331455.0,-2.00494,,,,,,,,
the-sandbox,sand,The Sandbox,0.145951,381452504,32364358.0,0.35069,,,,,,,,
bitcoin-avalanche-bridged-btc-b,btc.b,Avalanche Bridged BTC (Avalanche),92555.0,381246461,42054043.0,-0.10724,,,,,,,,
sad-coin,sad,Sad Coin,0.377022,378198318,3149815.0,-8.03146,,,,,,,,
just,jst,JUST,0.03800698,376422327,29101722.0,0.33286,,,,,,,,
olympus,ohm,Olympus,23.0,376245880,566485.0,-0.56628,,,,,,,,
binance-peg-dogecoin,doge,Binance-Peg Dogecoin,0.145505,373331477,5652362.0,-1.71866,,,,,,,,
decred,dcr,Decred,21.54,369966684,5706357.0,-5.70552,,,,,,,,
sonic-3,s,Sonic,0.096738,367303306,42956468.0,-0.76801,,,,,,,,
fartcoin,fartcoin,Fartcoin,0.367292,367030770,173186548.0,2.43701,,,,,,,,
merlin-chain,merl,Merlin Chain,0.343366,360452403,24485995.0,-0.09897,,,,,,,,
apenft,nft,AINFT,3.64108e-07,360124303,25509844.0,-0.75815,,,,,,,,
benqi-liquid-staked-avax,savax,BENQI Liquid Staked AVAX,17.71,358495651,2823787.0,-1.34781,,,,,,,,
gala,gala,GALA,0.00762164,357303289,48201528.0,-0.62017,,,,,,,,
flow,flow,Flow,0.219246,356961797,9400516.0,-0.37101,,,,,,,,
helium,hnt,Helium,1.91,355299844,4522700.0,-2.24027,,,,,,,,
pippin,pippin,pippin,0.353437,353427125,118449669.0,13.96773,,,,,,,,
theta-token,theta,Theta Network,0.353082,353317337,15831310.0,0.06524,,,,,,,,
jasmycoin,jasmy,JasmyCoin,0.00712747,352490257,29545179.0,-0.71407,,,,,,,,
gnosis,gno,Gnosis,132.18,348653971,7839281.0,1.04156,,,,,,,,
arbitrum-bridged-wrapped-eeth,weeth,Arbitrum Bridged Wrapped eETH (Arbitrum),3634.33,346395465,193234.0,1.77655,,,,,,,,
terra-luna,lunc,Terra Luna Classic,6.275e-05,344148919,259018029.0,2.43819,,,,,,,,
plasma,xpl,Plasma,0.17214,340529325,84711481.0,-1.91694,,,,,,,,
euro-coin,eurc,EURC,1.17,337640010,39832754.0,0.49152,,,,,,,,
vision-3,vsn,Vision,0.096724,333387063,22796127.0,-0.20104,,,,,,,,
chiliz,chz,Chiliz,0.0324784,329865957,32341118.0,-1.12838,,,,,,,,
frax-ether,frxeth,Frax Ether,3325.57,328197923,2436707.0,1.73341,,,,,,,,
usx,usx,USX,0.999259,326761461,757704.0,0.00423,,,,,,,,
kinesis-gold,kau,Kinesis Gold,135.93,324357473,279409.0,0.35094,,,,,,,,
stable-2,stable,​​Stable,0.01775998,319786706,141349661.0,-1.0214,,,,,,,,
mantle-restaked-eth,cmeth,Mantle Restaked ETH,3616.37,316627056,12192586.0,1.64798,,,,,,,,
syrup,syrup,Maple Finance,0.277503,316324274,16476159.0,2.08696,,,,,,,,
polygon-pos-bridged-weth-polygon-pos,weth,Polygon PoS Bridged WETH (Polygon POS),3357.76,315003223,13344955.0,1.69522,,,,,,,,
cap-usd,cusd,Cap USD,0.999849,312322853,10811.34,0.36385,,,,,,,,
binance-peg-busd,busd,Binance-Peg BUSD,0.999916,312281845,2993588.0,1.07172,,,,,,,,
raydium,ray,Raydium,1.16,311898255,39666109.0,-0.21963,,,,,,,,
mimblewimblecoin,mwc,MimbleWimbleCoin,28.53,311524496,156332.0,4.03317,,,,,,,,
swissborg,borg,SwissBorg,0.314276,308564157,1052282.0,3.40327,,,,,,,,
compound-governance-token,comp,Compound,31.32,302866450,17875314.0,-1.23447,,,,,,,,
unit-bitcoin,ubtc,Unit Bitcoin,92491.0,302577666,59573718.0,-0.18549,,,,,,,,
layerzero,zro,LayerZero,1.49,301853130,46212158.0,1.1815,,,,,,,,
neo,neo,NEO,4.24,299636952,11497231.0,-0.83439,,,,,,,,
vaulta,a,Vaulta,0.185708,298841618,24057300.0,-0.26029,,,,,,,,
wrapped-stx-velar,wstx,Wrapped STX (Velar),0.298719,298719145,2764.9,-0.03247,,,,,,,,
zksync,zk,ZKsync,0.0348957,298634993,39820522.0,2.09691,,,,,,,,
decentraland,mana,Decentraland,0.154392,296431753,30822260.0,-0.27125,,,,,,,,
janus-henderson-anemoy-treasury-fund,jtrsy,Janus Henderson Anemoy Treasury Fund,1.088,296304072,0.0,0.00827,,,,,,,,
crvusd,crvusd,crvUSD,0.998773,294082949,35507620.0,-0.09331,,,,,,,,
monad,mon,Monad,0.02681866,289939388,170593696.0,0.06462,,,,,,,,
wrapped-hype,whype,Wrapped HYPE,29.72,288931749,140716231.0,7.29572,,,,,,,,
astherus-staked-bnb,asbnb,Aster Staked BNB,953.66,286646938,38556.0,0.16476,,,,,,,,
wrapped-ether-mantle-bridge,weth,Mantle Bridged WETH (Mantle),3344.41,281021905,5768128.0,1.33702,,,,,,,,
zebec-network,zbcn,Zebec Network,0.00291188,279255742,11021188.0,0.36781,,,,,,,,
frax,frax,Legacy Frax Dollar,0.993454,278547714,4717456.0,0.03491,,,,,,,,
gate-wrapped-btc,gtbtc,Gate Wrapped BTC,92849.0,278191791,67253.0,-0.12396,,,,,,,,
falcon-finance-ff,ff,Falcon Finance,0.116096,271622104,16843909.0,-1.48593,,,,,,,,
arweave,ar,Arweave,4.13,270392517,23860193.0,-0.33151,,,,,,,,
binance-wrapped-btc,bbtc,Binance Wrapped BTC,92147.0,267016975,31444.0,0.36975,,,,,,,,
instadapp,fluid,Fluid,3.43,264534570,5434128.0,2.00829,,,,,,,,
undeads-games,uds,Undeads Games,2.59,264326187,1486273.0,2.22726,,,,,,,,
fidelity-digital-interest-token,fdit,Fidelity Digital Interest Token,1.0,264067137,0.0,0.0,,,,,,,,
ethena-staked-ena,sena,Ethena Staked ENA,0.264252,248230261,484453.0,-5.74474,,,,,,,,
walrus-2,wal,Walrus,0.160818,248163077,12736619.0,-1.18946,,,,,,,,
wrapped-avax,wavax,Wrapped AVAX,14.34,247979013,315983192.0,-1.53876,,,,,,,,
treehouse-eth,teth,Treehouse ETH,4104.06,247051537,933764.0,1.44666,,,,,,,,
1inch,1inch,1INCH,0.176039,246816158,12903986.0,-1.98125,,,,,,,,
thorchain,rune,THORChain,0.700796,246167262,67415606.0,0.52439,,,,,,,,
reallink,real,RealLink,0.080912,244603393,7167254.0,-0.87194,,,,,,,,
resolv-usr,usr,Resolv USR,0.999178,244024991,401791.0,-0.04161,,,,,,,,
immutable-x,imx,Immutable,0.296969,242085089,21275744.0,-0.65857,,,,,,,,
eigenlayer,eigen,EigenCloud (prev. EigenLayer),0.489744,239069282,75359502.0,-3.48652,,,,,,,,
bybit-staked-sol,bbsol,Bybit Staked SOL,154.63,237842550,2222502.0,0.35905,,,,,,,,
fasttoken,ftn,Fasttoken,0.545394,236583730,1884995.0,-7.87877,,,,,,,,
ecash,xec,eCash,1.185e-05,236462846,4239390.0,-0.94166,,,,,,,,
audiera,beat,Audiera,1.7,236235134,54969778.0,47.20769,,,,,,,,
drift-staked-sol,dsol,Drift Staked SOL,159.75,236014965,59558.0,-1.38259,,,,,,,,
origintrail,trac,OriginTrail,0.523789,234146474,4529620.0,-0.99993,,,,,,,,
ibc-bridged-usdc,usdc.n,Noble USDC,1.001,233128584,3877073.0,0.27196,,,,,,,,
ape-and-pepe,apepe,Ape and Pepe,1.11e-06,232988622,29088074.0,-8.71212,,,,,,,,
resolv-wstusr,wstusr,Resolv wstUSR,1.12,232633398,1624338.0,0.04211,,,,,,,,
kinesis-silver,kag,Kinesis Silver,61.84,230173825,591247.0,1.78692,,,,,,,,
zora,zora,Zora,0.050831,227239355,37800619.0,0.85788,,,,,,,,
elrond-erd-2,egld,MultiversX,7.85,226854954,11220703.0,-3.71428,,,,,,,,
loaded-lions,lion,Loaded Lions,0.00730447,223795247,991691.0,-2.91727,,,,,,,,
polygon-bridged-wbtc-polygon-pos,wbtc,Polygon Bridged WBTC (Polygon POS),92528.0,221581100,6488771.0,0.16428,,,,,,,,
usda-2,usda,USDa,0.991373,220707353,115.48,-0.06176,,,,,,,,
kamino,kmno,Kamino,0.064075,220255042,21275446.0,3.92529,,,,,,,,
golem,glm,Golem,0.218018,217991054,6879911.0,-1.59391,,,,,,,,
savings-dai,sdai,Savings Dai,1.17,217955442,7048.43,0.0382,,,,,,,,
cheems-token,cheems,Cheems Token,1.07e-06,217131468,2235323.0,-4.35628,,,,,,,,
apecoin,ape,ApeCoin,0.238788,217116156,27775468.0,-2.50619,,,,,,,,
susdai,susdai,Staked USDai,1.056,216854946,2315752.0,-0.00056,,,,,,,,
agora-dollar,ausd,AUSD,1.0,216330729,41620130.0,0.15537,,,,,,,,
build-on,b,BUILDon,0.215836,215816591,14966254.0,-1.41063,,,,,,,,
zero-gravity,0g,0G,0.994895,212267100,19284143.0,-5.17249,,,,,,,,
blockchain-capital,bcap,Blockchain Capital,23.15,210945370,0.0,0.0,,,,,,,,
wrapped-aave-ethereum-usdc,waethusdc,Wrapped Aave Ethereum USDC,1.15,209054264,4099832.0,0.03521,,,,,,,,
wormhole,w,Wormhole,0.04126992,208297531,26204392.0,-1.90891,,,,,,,,
satoshi-stablecoin,satusd,Satoshi Stablecoin,0.995251,207555267,10488.04,0.00722,,,,,,,,
aethir,ath,Aethir,0.013633,204587736,15403134.0,-0.0137,,,,,,,,
wemix-token,wemix,WEMIX,0.438807,201373752,1553833.0,-0.91807,,,,,,,,
btse-token,btse,BTSE Token,1.23,200015703,3998487.0,-0.51482,,,,,,,,
staked-frax-ether,sfrxeth,Staked Frax Ether,3803.41,199856675,60525.0,2.00637,,,,,,,,
mx-token,mx,MX,2.15,198464351,33086673.0,-0.77309,,,,,,,,
folks,folks,FOLKS,15.98,198236157,18536824.0,6.67998,,,,,,,,
theo-short-duration-us-treasury-fund,thbill,Theo Short Duration US Treasury Fund,1.013,197298529,1984641.0,0.04721,,,,,,,,
reserve-rights-token,rsr,Reserve Rights,0.00318804,197167504,14231439.0,-3.95133,,,,,,,,
legacy-token,lgct,Legacy Token,0.415815,192538738,1125690.0,-5.91424,,,,,,,,
tradable-na-rent-financing-platform-sstn,pc0000031,Tradable NA Rent Financing Platform SSTN,1.0,189500000,0.0,0.0,,,,,,,,
lombard-protocol,bard,Lombard,0.839223,188821688,19323581.0,3.51861,,,,,,,,
chain-2,xcn,Onyxcoin,0.00519137,188699208,12083765.0,-1.66282,,,,,,,,
compound-wrapped-btc,cwbtc,cWBTC,1861.59,188410082,0.0,0.36887,,,,,,,,
solv-protocol-solvbtc-bbn,xsolvbtc,Solv Protocol Staked BTC,92141.0,185899645,2660.04,0.21593,,,,,,,,
axie-infinity,axs,Axie Infinity,1.1,184542682,20351788.0,-0.82794,,,,,,,,
dexe,dexe,DeXe,3.93,183639330,2956952.0,-0.5345,,,,,,,,
livepeer,lpt,Livepeer,3.86,183392720,10794460.0,-0.49053,,,,,,,,
wefi,wfi,WeFi,2.41,182955803,3665651.0,-1.07589,,,,,,,,
based-brett,brett,Brett,0.01832837,182199044,24682712.0,-2.14597,,,,,,,,
sky-coin,xso,Sky Coin,0.00018199,181985648,128.94,,,,,,,,,
superfarm,super,SuperVerse,0.282312,179612855,54344839.0,8.9783,,,,,,,,
cronos-bridged-usdc-cronos,usdc,Cronos Bridged USDC (Cronos),1.0,179417765,632682.0,0.16135,,,,,,,,
amp-token,amp,Amp,0.00212516,179104562,6750942.0,-1.18681,,,,,,,,
jito-governance-token,jto,Jito,0.433249,178138579,27165711.0,-0.52774,,,,,,,,
ribbita-by-virtuals,tibbir,Ribbita by Virtuals,0.17645,176444417,7823424.0,-0.0346,,,,,,,,
convex-finance,cvx,Convex Finance,1.94,174987595,7960538.0,2.14759,,,,,,,,
zano,zano,Zano,11.58,174493674,1987184.0,0.78969,,,,,,,,
safepal,sfp,SafePal,0.3477,173524238,3114757.0,2.9139,,,,,,,,
wrapped-pulse-wpls,wpls,Wrapped Pulse,2.02e-05,173514795,11915513.0,-2.02125,,,,,,,,
toshi,toshi,Toshi,0.00041172,173107916,14108670.0,0.47659,,,,,,,,
beam-2,beam,Beam,0.00335964,172393759,6402104.0,-1.7737,,,,,,,,
kraken-wrapped-btc,kbtc,Kraken Wrapped BTC,92664.0,171427852,628892.0,0.32289,,,,,,,,
wrapped-ethereum-sollet,soeth,Wrapped Ethereum (Sollet),353.83,171225857,14357.96,-0.05444,,,,,,,,
havven,snx,Synthetix,0.495489,170243192,18580382.0,-2.27236,,,,,,,,
astherus-usdf,usdf,Aster USDF,0.998894,168908613,671674.0,0.04431,,,,,,,,
uchain-2,ucn,UCHAIN,1669.61,166927986,11393102.0,0.37059,,,,,,,,
zencash,zen,Horizen,9.43,166544675,70684033.0,-8.57952,,,,,,,,
prometeus,prom,Prom,9.06,165378325,5008259.0,2.00331,,,,,,,,
rekt-4,rekt,Rekt,3.91575e-07,164696889,2400503.0,4.30975,,,,,,,,
dydx-chain,dydx,dYdX,0.200717,163274484,14131085.0,1.97899,,,,,,,,
sosovalue,soso,SoSoValue,0.593233,162984342,8563997.0,2.08684,,,,,,,,
bnb48-club-token,koge,KOGE,48.03,162264002,114470155.0,0.05361,,,,,,,,
alchemist-ai,alch,Alchemist AI,0.189804,161112941,15870408.0,-0.12338,,,,,,,,
origin-ether,oeth,Origin Ether,3354.33,160929539,1164097.0,2.00203,,,,,,,,
infinifi-usd,iusd,InfiniFi USD,1.0,159550719,155171.0,0.24242,,,,,,,,
flare-bridged-xrp-flare,fxrp,Flare Bridged XRP (Flare),2.06,158583194,4313727.0,-1.11621,,,,,,,,
railgun,rail,Railgun,2.76,158290119,1831172.0,-1.35501,,,,,,,,
qtum,qtum,Qtum,1.49,157641659,7754667.0,-0.18386,,,,,,,,
soon-2,soon,SOON,0.438837,157173217,15765258.0,0.99344,,,,,,,,
creditcoin-2,ctc,Creditcoin,0.309468,156440641,9079039.0,0.57491,,,,,,,,
bitmart-token,bmx,BitMart,0.459783,156080115,5694519.0,0.11863,,,,,,,,
concordium,ccd,Concordium,0.01327478,156066303,1052086.0,-11.35495,,,,,,,,
nxm,nxm,Nexus Mutual,81.4,155217837,0.0,1.75087,,,,,,,,
kaito,kaito,KAITO,0.639229,154392776,12369951.0,-2.99719,,,,,,,,
theta-fuel,tfuel,Theta Fuel,0.02155122,154346695,957392.0,-1.17157,,,,,,,,
standx-dusd,dusd,StandX DUSD,0.999276,153047963,13172423.0,0.8133,,,,,,,,
tokenize-xchange,tkx,Tokenize Xchange,1.92,153006877,4121.63,1.61726,,,,,,,,
quantum-resistant-ledger,qrl,Quantum Resistant Ledger,1.93,151650535,147807.0,1.24247,,,,,,,,
binance-peg-sol,sol,Binance-Peg SOL,137.9,151544641,6020402.0,0.3945,,,,,,,,
gusd,gusd,GUSD,1.0,149805070,6704176.0,0.05161,,,,,,,,
spiko-us-t-bills-money-market-fund,ustbl,Spiko US T-Bills Money Market Fund,1.068,149361855,49.95,0.00965,,,,,,,,
midas-mf-one,mf-one,Midas mF-ONE,1.04,148662929,0.0,-0.09356,,,,,,,,
meta-2-2,meta,MetaDAO,6.68,147921509,3105592.0,10.26908,,,,,,,,
conscious-token,conscious,Conscious Token,0.315162,147731872,20846.0,0.98816,,,,,,,,
grass,grass,Grass,0.337006,146713190,27008451.0,5.76108,,,,,,,,
tominet,tomi,TOMI,2.44e-06,146177527,85479.0,10.59341,,,,,,,,
phantom-staked-sol,psol,Phantom Staked SOL,144.33,145882252,227959.0,0.15259,,,,,,,,
aioz-network,aioz,AIOZ Network,0.120022,145024591,7273857.0,0.1001,,,,,,,,
stasis-eurs,eurs,STASIS EURO,1.17,144824213,25828.0,0.22664,,,,,,,,
turbo,turbo,Turbo,0.00209243,144377525,29215340.0,-2.46595,,,,,,,,
kite-2,kite,Kite,0.080192,144214158,36274266.0,-1.47677,,,,,,,,
meteora,met,Meteora,0.295978,143666761,112039471.0,-8.1683,,,,,,,,
kusama,ksm,Kusama,8.21,143322481,8849709.0,-3.00527,,,,,,,,
wrapped-aave-ethereum-usdt,waethusdt,Wrapped Aave Ethereum USDT,1.15,142415266,5096490.0,0.04973,,,,,,,,
axelar,axl,Axelar,0.130895,142156842,99745013.0,1.56114,,,,,,,,
niza-global-2,niza,Niza Global,0.123267,141749237,4295235.0,11.73633,,,,,,,,
gmt-token,gomining,GoMining Token,0.348669,141689905,11399397.0,-0.67514,,,,,,,,
terra-luna-2,luna,Terra,0.205244,141370932,520114446.0,31.77445,,,,,,,,
wrapped-ether-linea,weth,Bridged Wrapped Ether (Linea),3360.87,140119610,7606216.0,2.21703,,,,,,,,
gas,gas,Gas,2.15,139850533,2824206.0,-0.51933,,,,,,,,
etherfi-weeths,weeths,ether.fi weETHs,3493.7,139626889,5138.29,2.00512,,,,,,,,
impossible-cloud-network-token,icnt,Impossible Cloud Network Token,0.246252,134730669,2070266.0,7.60448,,,,,,,,
linea,linea,Linea,0.00797684,133244442,36404880.0,-0.47787,,,,,,,,
pieverse,pieverse,Pieverse,0.759872,132997786,57915146.0,18.78745,,,,,,,,
super-oeth,superoeth,Super OETH,3350.41,132996541,131088.0,1.70669,,,,,,,,
yearn-finance,yfi,yearn.finance,3783.09,132752480,16970770.0,2.87109,,,,,,,,
universal-btc,unibtc,Universal BTC,91723.0,131251698,61547.0,0.35216,,,,,,,,
apollo-diversified-credit-securitize-fund,acred,Apollo Diversified Credit Securitize Fund,1076.55,130869377,0.0,0.14539,,,,,,,,
ronin,ron,Ronin,0.179704,129614309,4841685.0,2.33125,,,,,,,,
crypto-com-staked-eth,cdceth,Crypto.com Staked ETH,3551.56,129033216,39646.0,1.82002,,,,,,,,
nervos-network,ckb,Nervos Network,0.00268632,128483944,6066234.0,-1.40667,,,,,,,,
ravencoin,rvn,Ravencoin,0.00798088,126858395,4927772.0,-1.13672,,,,,,,,
mag7-ssi,mag7.ssi,MAG7.ssi,0.743315,125968942,1684870.0,-0.51606,,,,,,,,
shuffle-2,shfl,Shuffle,0.348187,125749624,279281.0,-2.07838,,,,,,,,
bridged-usd-coin-starkgate,usdc,StarkGate Bridged USDC (Starknet),0.999681,124949982,2713822.0,-0.0138,,,,,,,,
akash-network,akt,Akash Network,0.441306,124789027,5472643.0,-1.6893,,,,,,,,
dola-usd,dola,DOLA,0.997032,124244347,255592.0,0.07695,,,,,,,,
four,form,Four,0.323207,123581726,6882024.0,-5.11913,,,,,,,,
baby-doge-coin,babydoge,Baby Doge Coin,7.06922e-10,123556838,6158606.0,0.35394,,,,,,,,
wrapped-aave-ethereum-weth,waethweth,Wrapped Aave Ethereum WETH,3663.67,123012728,2066822.0,5.06879,,,,,,,,
0x,zrx,0x Protocol,0.144717,122937507,12794042.0,0.10812,,,,,,,,
coredaoorg,core,Core,0.119753,122121953,9298336.0,-4.00235,,,,,,,,
mina-protocol,mina,Mina Protocol,0.096509,122043525,11520490.0,-0.45971,,,,,,,,
arkham,arkm,Arkham,0.226783,120596601,25566280.0,-1.84326,,,,,,,,
ozone-chain,ozo,Ozone Chain,0.131889,120289556,222408.0,0.62474,,,,,,,,
coinex-token,cet,CoinEx,0.04645499,119720370,85488.0,1.7169,,,,,,,,
kava,kava,Kava,0.110473,119601110,11071159.0,-1.03973,,,,,,,,
threshold-network-token,t,Threshold Network,0.01104131,119080251,2741932.0,-0.87174,,,,,,,,
river,river,River,6.1,118995681,17049370.0,16.61862,,,,,,,,
payfi-strategy-token-usdc,pstusdc,PayFi Strategy Token USDC,1.066,117498910,214565.0,0.03115,,,,,,,,
bianrensheng,币安人生,币安人生 (BinanceLife),0.116707,117272436,11359029.0,-3.80661,,,,,,,,
eos,eos,EOS,0.186683,116419202,107388.0,-0.11019,,,,,,,,
reserve-protocol-eth-plus,eth+,ETHPlus,3569.19,116032502,5639469.0,1.56765,,,,,,,,
stp-network,awe,AWE Network,0.058846,114304454,5673802.0,1.64408,,,,,,,,
bitkub-coin,kub,KUB Coin,1.28,114098084,107141.0,-1.18772,,,,,,,,
staked-trx,strx,Staked TRX,0.3393,113859212,3204307.0,-6.30431,,,,,,,,
velo,velo,Velo,0.0064691,113723954,20736573.0,5.1377,,,,,,,,
keeta,kta,Keeta,0.251922,112967951,4455711.0,-2.89749,,,,,,,,
movement,move,Movement,0.0403896,112965790,18001037.0,-1.67043,,,,,,,,
dog-go-to-the-moon-rune,dog,Dog (Bitcoin),0.00112888,112795497,3356887.0,-3.30425,,,,,,,,
mog-coin,mog,Mog Coin,2.87303e-07,112172562,11122371.0,-2.62668,,,,,,,,
berachain-bera,bera,Berachain,0.819643,112031355,22563802.0,-0.1139,,,,,,,,
ether-fi-staked-btc,ebtc,Ether.fi Staked BTC,91809.0,111377436,2343.65,0.32637,,,,,,,,
cash-4,cash,CASH,0.99938,111171286,15671656.0,-0.00743,,,,,,,,
rollbit-coin,rlb,Rollbit Coin,0.060927,110890929,245122.0,1.52777,,,,,,,,
cow-protocol,cow,CoW Protocol,0.207489,110845247,15297532.0,3.36025,,,,,,,,
frax-usd,frxusd,Frax USD,0.999991,110827099,3561424.0,0.07337,,,,,,,,
usda-3,usda,USDA,0.996627,110785406,3206893.0,0.11717,,,,,,,,
nexpace,nxpc,Nexpace,0.488401,109785527,10015522.0,-1.51326,,,,,,,,
zilliqa,zil,Zilliqa,0.00558594,109544826,9504663.0,-0.82405,,,,,,,,
non-playable-coin,npc,Non-Playable Coin,0.01359048,109416865,9145535.0,2.96273,,,,,,,,
tdccp,tdccp,TDCCP,0.170494,109113190,466829.0,0.98311,,,,,,,,
anzen-usdz,usdz,Anzen USDz,0.986221,108433818,103626.0,0.40992,,,,,,,,
digibyte,dgb,DigiByte,0.00599733,108307906,2431476.0,-4.39773,,,,,,,,
ostrich,rich,Ostrich,3.07,108217381,3741.96,1.72853,,,,,,,,
compound-ether,ceth,cETH,67.52,107806595,3930.38,1.98257,,,,,,,,
unibase,ub,Unibase,0.04310343,107654826,11276317.0,3.5941,,,,,,,,
glue,wglue,Wrapped Glue,0.108818,107515135,86.91,0.02488,,,,,,,,
venom,venom,Venom,0.05061,107428903,985312.0,-1.69121,,,,,,,,
safe,safe,Safe,0.158912,107147142,6389939.0,0.55412,,,,,,,,
vaultbridge-bridged-eth-katana,vbeth,VaultBridge Bridged ETH (Katana),3362.02,106360863,10046143.0,2.07775,,,,,,,,
astar,astr,Astar,0.01287223,106139678,3567289.0,-0.28003,,,,,,,,
agentfun-ai,agentfun,AgentFun.AI,1.055,105392592,475.0,-0.68914,,,,,,,,
deep,deep,DeepBook,0.0417463,104253185,18385276.0,-0.94348,,,,,,,,
verge,xvg,Verge,0.00629205,104009659,8041196.0,-3.29568,,,,,,,,
ai-companions,aic,AI Companions,0.103179,103169415,4687637.0,-0.42472,,,,,,,,
nano,xno,Nano,0.766087,102990111,4558401.0,-1.3491,,,,,,,,
popcat,popcat,Popcat,0.103787,101679247,18004245.0,-0.69708,,,,,,,,
renzo-restaked-lst,pzeth,Renzo Restaked LST,4040.24,101627624,220.52,7.2822,,,,,,,,
zetachain,zeta,ZetaChain,0.086844,101560895,6647517.0,-1.32167,,,,,,,,
useless-3,useless,Useless Coin,0.101415,101386133,24738239.0,-1.73455,,,,,,,,
resolv-rlp,rlp,Resolv Liquidity Provider Token,1.27,101209656,4717.92,0.0949,,,,,,,,
cat-in-a-dogs-world,mew,cat in a dogs world,0.00113379,100908512,22147837.0,-2.36387,,,,,,,,
tradable-singapore-fintech-ssl-2,pc0000023,Tradable Singapore Fintech SSL,1.0,100846154,0.0,0.0,,,,,,,,
mnee-usd-stablecoin,mnee,MNEE USD Stablecoin,0.998048,100635272,88398.0,-0.23511,,,,,,,,
melania-meme,melania,Melania Meme,0.114036,100615294,4307115.0,-1.0946,,,,,,,,
adi-token,adi,ADI,1.032,100489883,6735988.0,4.34771,,,,,,,,
ring-usd,usdr,Ring USD,1.0,100397769,28169.0,0.18976,,,,,,,,
celo,celo,Celo,0.169852,100158162,13787283.0,-1.44871,,,,,,,,
qusdt,qusdt,QOM One Bridged USDT (QL1),1.0,100019472,1876.61,0.01588,,,,,,,,
chainopera-ai,coai,ChainOpera AI,0.505472,99536637,13624869.0,-1.01726,,,,,,,,
savings-xdai,sdai,Savings xDAI,1.22,99369310,7150163.0,0.06722,,,,,,,,
hashkey-ecopoints,hsk,HashKey Platform Token,0.302148,99195072,2167586.0,0.55885,,,,,,,,
oasis-network,rose,Oasis,0.01320198,98769554,3279652.0,-1.02139,,,,,,,,
snek,snek,Snek,0.00132077,98752060,8887910.0,-11.40481,,,,,,,,
proton,xpr,XPR Network,0.0034887,98432883,2154372.0,-0.82453,,,,,,,,
bedrock-btc,brbtc,Bedrock BTC,84636.0,97269752,0.0,0.0,,,,,,,,
c8ntinuum,ctm,c8ntinuum,0.117407,96794967,1213711.0,-0.22572,,,,,,,,
humanity,h,Humanity,0.05218,95859250,31022105.0,3.01645,,,,,,,,
midas-mhyper,mhyper,Midas mHYPER,1.062,95687750,64.78,0.0,,,,,,,,
holotoken,hot,Holo,0.00053703,95334066,9547382.0,1.77918,,,,,,,,
temple,temple,TempleDAO,4.0,94935683,50.58,0.0,,,,,,,,
avant-usd,avusd,Avant USD,0.999604,94369546,263658.0,-0.00467,,,,,,,,
drift-protocol,drift,Drift Protocol,0.225736,94252646,13759213.0,-5.14758,,,,,,,,
vethor-token,vtho,VeThor,0.00097277,94225354,1615320.0,-2.26811,,,,,,,,
gmx,gmx,GMX,9.07,93975184,8159779.0,0.5993,,,,,,,,
chutes,sn64,Chutes,25.0,93585211,633195.0,1.35563,,,,,,,,
moonwell-flagship-eth-morpho-vault,mweth,Moonwell Flagship ETH (Morpho Vault),3114.64,93563861,1.9,0.95366,,,,,,,,
metal-blockchain,metal,Metal Blockchain,0.184108,93460404,865433.0,-2.81749,,,,,,,,
blur,blur,Blur,0.03541187,93458523,9002214.0,-1.11519,,,,,,,,
unit-pump,upump,Unit Pump,0.00292393,93347160,2742832.0,-3.3032,,,,,,,,
babypie-wrapped-btc,mbtc,Babypie Wrapped BTC,92367.0,93163972,1080.29,-0.23328,,,,,,,,
sushi,sushi,Sushi,0.340445,92953126,16555286.0,-1.35698,,,,,,,,
siacoin,sc,Siacoin,0.00164574,92728358,5805083.0,-1.7255,,,,,,,,
optio,opt,Optio,0.00798993,92580065,33890.0,8.90981,,,,,,,,
qubic-network,qubic,Qubic,7.11217e-07,92332812,2207148.0,-3.06368,,,,,,,,
debridge,dbr,deBridge,0.02239851,92241561,9052242.0,9.14966,,,,,,,,
bio-protocol,bio,Bio Protocol,0.051956,92057824,36357562.0,2.63046,,,,,,,,
staked-hype,sthype,Staked HYPE,29.75,91425354,50750.0,7.3447,,,,,,,,
onfa,oft,ONFA,0.831194,90781350,1690441.0,0.2477,,,,,,,,
numeraire,nmr,Numeraire,11.32,90581620,15464869.0,-0.31694,,,,,,,,
aleo,aleo,ALEO,0.126742,90480297,5195063.0,2.64213,,,,,,,,
zignaly,zig,ZIGChain,0.064166,90423155,4263391.0,-2.55138,,,,,,,,
vvs-finance,vvs,VVS Finance,2.1e-06,90111304,393533.0,-0.86583,,,,,,,,
novem-pro,nvm,Novem Pro,0.411167,89856096,297356.0,0.01723,,,,,,,,
ordinals,ordi,ORDI,4.28,89832783,22435911.0,-2.36709,,,,,,,,
coca,coca,COCA,0.78945,89737345,392050.0,1.71574,,,,,,,,
gaib-ai-dollar-alpha-usdc,aidausdc,Gaib AI Dollar Alpha USDC,0.781647,89711964,2325.83,,,,,,,,,
stargate-bridged-weth,weth,Stargate Bridged WETH,3358.97,89236194,10368673.0,1.94163,,,,,,,,
bridged-usd-coin-linea,usdc,Linea Bridged USDC (Linea),1.001,89160654,6137180.0,0.17699,,,,,,,,
peanut-the-squirrel,pnut,Peanut the Squirrel,0.088657,88613689,29365563.0,-2.2149,,,,,,,,
moo-deng,moodeng,Moo Deng,0.089141,88517011,37564756.0,-3.09208,,,,,,,,
openeden-open-dollar,usdo,OpenEden OpenDollar,0.998306,88366436,226.98,0.02837,,,,,,,,
cronos-bridged-usdt-cronos,usdt,Cronos Bridged USDT (Cronos),1.003,88073357,103657.0,0.16549,,,,,,,,
vana,vana,Vana,2.86,88013053,4814434.0,-2.10515,,,,,,,,
burnedfi,burn,BurnedFi,7.08,87799545,588449.0,-3.36329,,,,,,,,
mocaverse,moca,Moca Network,0.02216208,87684846,6692127.0,-1.25,,,,,,,,
atomone,atone,AtomOne,0.744986,87656410,22912.0,-7.56473,,,,,,,,
centrifuge-2,cfg,Centrifuge,0.151668,86951081,743620.0,3.26171,,,,,,,,
polygon-bridged-weeth-katana,weeth,Polygon Bridged weETH (Katana),3642.51,86905976,4148.33,0.92311,,,,,,,,
avant-staked-usd,savusd,Avant Staked USD,1.13,86526973,1305.61,0.02004,,,,,,,,
mantra-dao,om,MANTRA,0.075217,85795026,16502972.0,-1.57526,,,,,,,,
succinct,prove,Succinct,0.437149,85275412,12493389.0,-1.44294,,,,,,,,
recall,recall,Recall,0.117744,84898255,13115994.0,2.50659,,,,,,,,
edu-coin,edu,Open Campus,0.133906,84498044,9947485.0,-2.11525,,,,,,,,
sahara-ai,sahara,Sahara AI,0.03430807,84433758,12733488.0,-2.05831,,,,,,,,
wrapped-centrifuge,wcfg,Wrapped Centrifuge,0.155055,84059429,3324.75,3.37665,,,,,,,,
vaultbridge-bridged-wbtc-katana,vbwbtc,VaultBridge Bridged WBTC (Katana),92474.0,84049816,2150634.0,0.2857,,,,,,,,
chia,xch,Chia,5.74,83940411,4768816.0,0.47322,,,,,,,,
vicicoin,vcnt,ViciCoin,17.17,83815079,168295.0,0.04993,,,,,,,,
staked-usd1,susd1+,staked USD1+,1.013,83609204,541.1,0.34693,,,,,,,,
bridged-wrapped-ether-starkgate,eth,Bridged Ether (StarkGate),3359.13,83362487,4517521.0,1.59702,,,,,,,,
vaneck-treasury-fund,vbill,VanEck Treasury Fund,1.0,82769327,0.0,0.0,,,,,,,,
pleasing-gold,pgold,Pleasing Gold,4216.26,82238136,14.41,0.87165,,,,,,,,
avantis,avnt,Avantis,0.31608,81708504,43616526.0,2.82418,,,,,,,,
request-network,req,Request,0.109545,81525650,2824290.0,-0.9104,,,,,,,,
xyo-network,xyo,XYO Network,0.00583859,81260677,14242431.0,-5.79724,,,,,,,,
redstone-oracles,red,RedStone,0.271812,81023902,11830214.0,1.30921,,,,,,,,
venus,xvs,Venus,4.81,80554510,5631035.0,0.08496,,,,,,,,
okx-wrapped-btc,xbtc,OKX Wrapped BTC,92726.0,80482863,8035451.0,0.42176,,,,,,,,
binance-peg-shib,shib,Binance-Peg SHIB,8.7e-06,79948393,27753.0,0.11537,,,,,,,,
iotex,iotx,IoTeX,0.00839495,79274271,4336287.0,-0.39087,,,,,,,,
l2-standard-bridged-weth-optimism,weth,L2 Standard Bridged WETH (Optimism),3361.18,79151489,21250899.0,2.14292,,,,,,,,
loopring,lrc,Loopring,0.062808,78327041,72993249.0,24.21775,,,,,,,,
giggle-fund,giggle,Giggle Fund,78.31,78319802,73262835.0,-12.0375,,,,,,,,
bc-token,bc,BCGame Coin,0.00778166,77718745,3738.58,0.68779,,,,,,,,
ankr,ankr,Ankr Network,0.00776444,77711049,7563040.0,-0.43378,,,,,,,,
susda,susda,sUSDa,1.009,77424184,0.0,0.0,,,,,,,,
minidoge-5,minidoge,Minidoge,1.10109e-07,77068162,5213489.0,8.88467,,,,,,,,
societe-generale-forge-eurcv,eurcv,EUR CoinVertible,1.17,76830977,15641172.0,0.44754,,,,,,,,
verus-coin,vrsc,Verus,1.07,76691764,3403.25,6.85785,,,,,,,,
ini,ini,INI,0.1278,76557240,1073670.0,-2.56778,,,,,,,,
casper-network,cspr,Casper Network,0.00560254,76550529,916176.0,0.10477,,,,,,,,
gama-token,gama,Gama Token,0.764393,76459747,322704.0,0.0,,,,,,,,
orca,orca,Orca,1.27,76398426,6920144.0,-0.39814,,,,,,,,
slash-vision-labs,svl,Slash Vision Labs,0.0338073,75801363,423816.0,5.45218,,,,,,,,
skale,skl,SKALE,0.01248086,75603152,6702906.0,-0.03603,,,,,,,,
felix-feusd,feusd,Felix feUSD,1.005,75451922,329516.0,-0.20064,,,,,,,,
swop-2,swop,Swop,0.00753739,75373869,28.96,,,,,,,,,
compounding-open-dollar,cusdo,Compounding OpenDollar,1.033,75138969,24194.0,-0.06606,,,,,,,,
bridged-wrapped-steth-gnosis,wsteth,Bridged Wrapped stETH (Gnosis),4100.78,74960618,7183227.0,2.10381,,,,,,,,
waves,waves,Waves,0.744597,74426010,11261404.0,-1.81299,,,,,,,,
polymesh,polyx,Polymesh,0.060328,73911522,4321345.0,-2.09101,,,,,,,,
icon,icx,ICON,0.068166,73791732,3247307.0,-1.13153,,,,,,,,
space-and-time,sxt,Space and Time,0.0291545,73402066,7487751.0,-2.01226,,,,,,,,
wrapped-savings-rusd,wsrusd,Wrapped Savings rUSD,1.031,73371186,11.62,,,,,,,,,
dfdv-staked-sol,dfdvsol,DFDV Staked SOL,145.03,73196729,13.77,1.08547,,,,,,,,
uma,uma,UMA,0.821422,73008451,6112177.0,-0.3825,,,,,,,,
puff-the-dragon,puff,Puff The Dragon,0.081504,72475733,32976.0,-0.33846,,,,,,,,
solo-coin,solo,Sologenic,0.180824,72146078,3671920.0,0.30654,,,,,,,,
world-mobile-token,wmtx,World Mobile Token,0.089396,71580991,11142352.0,-2.82267,,,,,,,,
kinetiq-earn-vault,vkhype,Kinetiq Earn Vault,30.12,70861807,1953068.0,7.42502,,,,,,,,
api3,api3,Api3,0.510959,70760288,11021938.0,-0.62767,,,,,,,,
axycoin,axyc,AxyCoin,4.02,70421278,250657.0,0.97239,,,,,,,,
memecoin-2,meme,Memecoin,0.001178,70257538,12810782.0,-1.94626,,,,,,,,
pleasing-usd,pusd,Pleasing USD,1.003,70199005,0.0,0.0,,,,,,,,
pay-coin,pci,Paycoin,0.068571,70121325,553392.0,3.5835,,,,,,,,
stargate-bridged-usdc,usdc.e,Stargate Bridged USDC,0.999893,70094473,12692953.0,0.09244,,,,,,,,
aelf,elf,aelf,0.085254,69527306,2011031.0,-3.26446,,,,,,,,
lagrange,la,Lagrange,0.359978,69517510,19633081.0,-1.27164,,,,,,,,
euler,eul,Euler,3.71,69318847,5169198.0,-5.2098,,,,,,,,
bitdca,bdca,BitDCA,0.909928,68707669,392423.0,-0.4092,,,,,,,,
irys,irys,Irys,0.03430542,68603682,15598476.0,-0.42156,,,,,,,,
frax-share,frax,Frax (prev. FXS),0.778766,68270652,7584650.0,0.74657,,,,,,,,
gems-vip,gems,Gems VIP,0.105386,67865484,2002153.0,0.92563,,,,,,,,
home,home,HOME,0.02376607,67626865,25265548.0,-0.3026,,,,,,,,
illuvium,ilv,Illuvium,7.1,67377490,6950044.0,-1.65668,,,,,,,,
apex-token-2,apex,APEX,0.525207,67000860,4400883.0,-2.31706,,,,,,,,
lcx,lcx,LCX,0.071093,66897004,250961.0,-0.60835,,,,,,,,
humidifi,wet,HumidiFi,0.291379,66871289,230813520.0,70.50394,,,,,,,,
apex-4,ap3x,APEX,0.052903,66756297,100258.0,-0.3721,,,,,,,,
mbg-by-multibank-group,mbg,MBG By Multibank Group,0.509733,66385124,20882942.0,-0.39821,,,,,,,,
infrared-bera,ibera,Infrared Bera,0.845048,66353405,241692.0,0.83785,,,,,,,,
pumpbtc,pumpbtc,pumpBTC,91700.0,66291139,456.1,2.36818,,,,,,,,
usdx,usdx,USDX,0.591647,66008881,2380.0,1.07443,,,,,,,,
altlayer,alt,AltLayer,0.01330053,65989852,8085242.0,-0.67197,,,,,,,,
plume,plume,Plume,0.02099756,65866789,25785593.0,-3.50129,,,,,,,,
mask-network,mask,Mask Network,0.654462,65494520,12603853.0,-2.57576,,,,,,,,
matrixdock-gold,xaum,Matrixdock Gold,4235.48,65359794,223236.0,0.39274,,,,,,,,
restaked-swell-eth,rsweth,Restaked Swell ETH,3489.27,65277146,13002.0,1.77849,,,,,,,,
siren-2,siren,Siren,0.089289,65149497,5462610.0,6.12024,,,,,,,,
coti,coti,COTI,0.02562273,64837553,8588119.0,-1.41108,,,,,,,,
ontology,ont,Ontology,0.070278,64723823,5223249.0,-1.46947,,,,,,,,
enjincoin,enj,Enjin Coin,0.03380302,64640615,11161842.0,-3.92733,,,,,,,,
mindwavedao,nila,MindWaveDAO,0.076674,64525830,375477.0,0.43652,,,,,,,,
geodnet,geod,Geodnet,0.146819,64420730,398335.0,-0.11618,,,,,,,,
gohome,gohome,GOHOME,122.04,63904794,2953658.0,-1.28903,,,,,,,,
band-protocol,band,Band,0.37774,63826160,5082152.0,-0.56403,,,,,,,,
usd-coin-ethereum-bridged,usdc.e,Arbitrum Bridged USDC (Arbitrum),1.0,63412188,10809506.0,0.05494,,,,,,,,
bim-2,bim,BIM,2.11,63179749,382349.0,2.02428,,,,,,,,
sui-bridged-wbtc-sui,wbtc,Sui Bridged WBTC (Sui),92528.0,63143511,4519528.0,0.09781,,,,,,,,
overtake,take,OVERTAKE,0.357436,63084405,44897732.0,1.27512,,,,,,,,
pundi-x-2,pundix,Pundi X,0.242897,63013426,1942250.0,-0.32068,,,,,,,,
daku-v2,daku,Daku V2,0.105001,62935101,1004.57,0.69887,,,,,,,,
deso,deso,Decentralized Social,5.97,62923476,34828.0,-1.01119,,,,,,,,
omni-network,omni,Omni Network [Old],1.25,62725832,36968.0,-2.1063,,,,,,,,
ethereum-pow-iou,ethw,EthereumPoW,0.579639,62591482,5475292.0,-0.58208,,,,,,,,
echelon-prime,prime,Echelon Prime,1.13,62231076,5070214.0,4.75284,,,,,,,,
unit-plasma,uxpl,Unit Plasma,0.172354,62055754,2016685.0,-1.43143,,,,,,,,
fluid-wrapped-staked-eth,fwsteth,Fluid Wrapped Staked ETH,4033.36,61085299,0.0,0.0,,,,,,,,
status,snt,Status,0.01536983,60775945,2182465.0,-2.84675,,,,,,,,
tellor,trb,Tellor Tributes,22.12,60770653,18275533.0,-1.64989,,,,,,,,
peaq-2,peaq,peaq,0.04056364,60691489,1984370.0,1.20854,,,,,,,,
comedian,ban,Comedian,0.060543,60545832,9217384.0,0.53153,,,,,,,,
terrausd,ustc,TerraClassicUSD,0.0106895,59971350,75042949.0,7.3551,,,,,,,,
notcoin,not,Notcoin,0.00060124,59850417,14422231.0,-1.40645,,,,,,,,
wrapped-cro,wcro,Wrapped CRO,0.104689,59631758,1310028.0,-0.67704,,,,,,,,
entangle,ntgl,Entangle,9.664e-05,59579408,1.46,,,,,,,,,
tokenlon,lon,Tokenlon,0.479951,59528702,42022.0,0.50059,,,,,,,,
harmony,one,Harmony,0.00401636,59502199,3886788.0,-1.11111,,,,,,,,
yooldo-games,esports,Yooldo Games,0.390629,59271898,62385166.0,-4.37001,,,,,,,,
degen-base,degen,Degen,0.00160025,59119928,12760951.0,-5.31955,,,,,,,,
neiro-3,neiro,Neiro,0.00014006,58898175,34873698.0,-3.57722,,,,,,,,
ardor,ardr,Ardor,0.058735,58830479,5744069.0,0.15049,,,,,,,,
biconomy,bico,Biconomy,0.052273,58604830,2794221.0,-0.36068,,,,,,,,
midas-msyrupusdp,msyrupusdp,Midas msyrupUSDp,1.018,57562100,0.0,0.0,,,,,,,,
babylon,baby,Babylon,0.01947323,57360744,13309669.0,0.70092,,,,,,,,
hivemapper,honey,Hivemapper,0.01082031,56982926,796271.0,-3.43202,,,,,,,,
fulcrom,ful,Fulcrom,0.00342766,56820116,54882.0,1.44316,,,,,,,,
og-fan-token,og,OG Fan Token,12.57,56469539,4115236.0,-1.84768,,,,,,,,
ark,ark,ARK,0.293582,56429292,1489840.0,1.00033,,,,,,,,
avalanche-bridged-weth-avalanche,weth,Avalanche Bridged WETH (Avalanche),3356.12,56256624,27374900.0,1.30073,,,,,,,,
fx-usd-saving,fxsave,f(x) USD Saving,1.072,55661127,100.0,0.01942,,,,,,,,
bridged-tether-opbnb,usdt,Bridged Tether (opBNB),1.0,55621569,17729.21,-0.00268,,,,,,,,
magic-internet-money,mim,Magic Internet Money (Ethereum),0.999323,55579503,467654.0,0.18169,,,,,,,,
celium,sn51,Celium,16.88,55183069,352213.0,0.15837,,,,,,,,
osmosis,osmo,Osmosis,0.072871,55060805,4424105.0,-0.76356,,,,,,,,
dialectic-usd-vault,dusd,Dialectic USD Vault,1.006,55019795,9578.66,-0.01102,,,,,,,,
ronin-bridged-weth-ronin,weth,Ronin Bridged WETH (Ronin),3359.07,55009249,1250359.0,1.80058,,,,,,,,
binance-usd,busd,BUSD,0.996736,54846623,1851.35,0.77582,,,,,,,,
helder,hldr,Helder,0.23681,54804515,7601.61,2.38514,,,,,,,,
stepn,gmt,GMT,0.01756217,54678530,20120196.0,-0.88377,,,,,,,,
ssv-network,ssv,SSV Network,3.72,54678028,9355288.0,-1.11875,,,,,,,,
marsmi,marsmi,MarsMi,0.05442,54419765,149563.0,-1.39029,,,,,,,,
changenow,now,ChangeNOW,0.647395,54191250,383765.0,7.95951,,,,,,,,
iostoken,iost,IOST,0.00180021,54149295,6356264.0,0.75214,,,,,,,,
iexec-rlc,rlc,iExec RLC,0.746379,54048434,3337312.0,-0.71806,,,,,,,,
escoin-token,elg,Escoin,0.291286,53657607,429638.0,-0.06795,,,,,,,,
law-blocks,lbt,Law Blocks,0.218406,53506060,546672.0,0.38018,,,,,,,,
bora,bora,BORA,0.04630791,53437451,86284.0,-2.19936,,,,,,,,
woo-network,woo,WOO,0.02816118,53402032,5817297.0,2.33693,,,,,,,,
stronghold-token,shx,Stronghold,0.00985582,52958610,954698.0,-0.73659,,,,,,,,
yield-guild-games,ygg,Yield Guild Games,0.077596,52931347,22572729.0,-1.8028,,,,,,,,
hive,hive,Hive,0.104846,52920751,1173655.0,-0.23693,,,,,,,,
orbs,orbs,Orbs,0.01088217,52791578,9571170.0,2.10873,,,,,,,,
zedxion,zedxion,Zedxion,0.430861,52704600,56.99,-0.3308,,,,,,,,
swftcoin,swftc,SWFTCOIN,0.00526608,52658460,1027093.0,-2.48898,,,,,,,,
sign-global,sign,Sign,0.03896547,52623766,5119517.0,-2.00935,,,,,,,,
tornado-cash,torn,Tornado Cash,13.78,52504890,2578531.0,0.76194,,,,,,,,
hex-trust-usdx,usdx,Hex Trust USD,0.998043,52367981,17598.68,1.05012,,,,,,,,
rocket-pool,rpl,Rocket Pool,2.38,52299769,3837786.0,-1.19167,,,,,,,,
constitutiondao,people,ConstitutionDAO,0.01028863,52119242,26090213.0,-2.80802,,,,,,,,
nkyc-token,nkyc,NKYC Token,13.01,52047497,203332.0,1.70665,,,,,,,,
avici,avici,Avici,4.03,51998725,8852141.0,4.83738,,,,,,,,
tagger,tag,TAGGER,0.00047736,51969152,3644926.0,4.10477,,,,,,,,
stargate-finance,stg,Stargate Finance,0.129455,51727537,8261977.0,1.07399,,,,,,,,
spark-2,spk,Spark,0.0246922,51539658,26640605.0,-0.20707,,,,,,,,
paxos-standard,usdp,Pax Dollar,0.999216,51505809,4061250.0,-0.05458,,,,,,,,
bancor,bnt,Bancor Network,0.465284,51373680,85698.0,-0.98337,,,,,,,,
constellation-labs,dag,Constellation,0.01357229,51258682,1237716.0,8.5697,,,,,,,,
magic-eden,me,Magic Eden,0.301194,51240010,34973723.0,-6.17408,,,,,,,,
firelight-staked-xrp,stxrp,Firelight Staked XRP,2.05,51234982,508816.0,-1.63078,,,,,,,,
pirate-chain,arrr,Pirate Chain,0.260079,51003027,446032.0,-2.78989,,,,,,,,
project-galaxy,gal,GAL (migrated to Gravity - G),0.398186,50868022,1399.76,23.79785,,,,,,,,
resupply-usd,reusd,Resupply USD,0.989529,50712501,1884548.0,-0.03492,,,,,,,,
swarm-network,truth,Swarm Network,0.0237441,50644608,17479385.0,136.0163,,,,,,,,
book-of-meme,bome,BOOK OF MEME,0.00072941,50328390,20973206.0,-6.68721,,,,,,,,
ecomi,omi,ECOMI,0.00018535,50244689,2130538.0,-4.9892,,,,,,,,
pythia,pythia,PYTHIA,0.050338,50127661,771301.0,-4.22647,,,,,,,,
rserg,rserg,rsERG,0.510462,49868760,13746.8,-1.14575,,,,,,,,
osaka-protocol,osak,Osaka Protocol,6.5029e-08,49517331,28520.0,0.49575,,,,,,,,
anoma,xan,Anoma,0.01970838,49343419,19138934.0,2.58595,,,,,,,,
vaultbridge-bridged-usdc-katana,vbusdc,VaultBridge Bridged USDC (Katana),1.001,48932253,16408332.0,-0.00748,,,,,,,,
mass-vehicle-ledger,mvl,MVL,0.0017603,48798412,2813903.0,1.39288,,,,,,,,
binance-peg-zcash-token,zec,Binance-Peg ZEC,406.92,48797654,15705924.0,-3.81603,,,,,,,,
sui-bridged-ether-sui,sbeth,Sui Bridged Ether (Sui),3356.99,48559131,2161586.0,1.67393,,,,,,,,
veraone,vro,VeraOne,130.51,48319207,35027.0,,,,,,,,,
stratis,strax,Xertra,0.0236656,48223256,1027456.0,-2.82696,,,,,,,,
usd,usd+,Overnight.fi USD+,0.999717,48075967,1703797.0,-0.00663,,,,,,,,
power-ledger,powr,Powerledger,0.08998,47697927,2442645.0,-0.17725,,,,,,,,
venice-token,vvv,Venice Token,1.14,47684766,1067541.0,1.30498,,,,,,,,
mountain-protocol-usdm,usdm,Mountain Protocol USD,0.992841,47656871,31.28,0.01629,,,,,,,,
tether-gold-tokens,xaut0,Tether Gold Tokens,4218.75,47562694,3388984.0,0.44601,,,,,,,,
zelcash,flux,Flux,0.117625,47466809,7069141.0,0.07464,,,,,,,,
yzy,yzy,YZY,0.364291,47350206,12349628.0,0.89471,,,,,,,,
lista,lista,Lista DAO,0.185561,47274763,6429496.0,-0.59985,,,,,,,,
whiteheart,white,Whiteheart,5310.25,47197544,100.89,,,,,,,,,
bridged-wrapped-bitcoin-starkgate,wbtc,Bridged Wrapped Bitcoin (StarkGate),92480.0,47193936,5673205.0,-0.10742,,,,,,,,
ridges-ai,sn62,Ridges AI,12.91,47088313,936069.0,-0.226,,,,,,,,
moonwell-artemis,well,Moonwell,0.01049153,47078500,3505324.0,-1.18255,,,,,,,,
syndicate-3,synd,Syndicate,0.097543,46952090,6256250.0,-4.49733,,,,,,,,
cyberconnect,cyber,CYBER,0.851883,46778423,16901689.0,0.95384,,,,,,,,
sanctum-2,cloud,Cloud,0.090874,46758823,976065.0,-6.62319,,,,,,,,
sygnum-fiusd-liquidity-fund,fiusd,Sygnum FIUSD Liquidity Fund,11691.26,46737682,0.0,0.0,,,,,,,,
chex-token,chex,Chintai,0.04676121,46709759,661089.0,0.67926,,,,,,,,
sai,sai,Sai,17.51,46675636,933.09,1.51262,,,,,,,,
chromaway,chr,Chromia,0.0549,46667151,3619377.0,1.25546,,,,,,,,
cronos-bridged-wbtc-cronos,wbtc,Cronos Bridged WBTC (Cronos),92419.0,46574923,76250.0,0.02914,,,,,,,,
wrapped-bitcoin-pulsechain,wbtc,Wrapped Bitcoin (PulseChain),302.66,46537825,174859.0,2.55844,,,,,,,,
lava-network,lava,Lava Network,0.175501,46446431,7370588.0,-19.24797,,,,,,,,
targon,sn4,Targon,12.99,46363150,239893.0,0.41753,,,,,,,,
audius,audio,Audius,0.03356789,46296785,11220616.0,-0.55442,,,,,,,,
onyc,onyc,Onchain Yield Coin,1.055,46290112,1598449.0,-0.06246,,,,,,,,
jelly-my-jelly,jellyjelly,Jelly-My-Jelly,0.04638511,46269183,10769786.0,4.34519,,,,,,,,
solv-protocol-solvbtc-jupiter,solvbtc.jup,Solv Protocol SolvBTC Jupiter,102893.0,46255699,2188.74,4.08646,,,,,,,,
blast,blast,Blast,0.0008984,46223857,4629175.0,-0.56876,,,,,,,,
openledger-2,open,OpenLedger,0.214196,46220538,6738363.0,-2.42282,,,,,,,,
metaplex,mplx,Metaplex,0.083847,46178589,5624401.0,-1.72017,,,,,,,,
g-token,g,Gravity (by Galxe),0.00636133,46142285,139885472.0,20.72536,,,,,,,,
lisk,lsk,Lisk,0.204399,46134137,8428537.0,-0.09702,,,,,,,,
spell-token,spell,Spell,0.00026744,45863750,10493839.0,1.01866,,,,,,,,
gemini-dollar,gusd,Gemini Dollar,0.999946,45843568,657322.0,-0.00079,,,,,,,,
f-x-protocol-fxusd,fxusd,f(x) Protocol fxUSD,0.998878,45760596,3174364.0,-0.0938,,,,,,,,
luxxcoin,lux,Luxxcoin,0.00045726,45726302,227913.0,-41.4053,,,,,,,,
kelp-gain,ageth,Kelp Gain,3448.26,45726227,77.54,0.76204,,,,,,,,
gigachad-2,giga,Gigachad,0.00474278,45547123,1761264.0,-1.09849,,,,,,,,
coreum,coreum,Coreum,0.069483,45503907,204592.0,-3.11949,,,,,,,,
tesla-xstock,tslax,Tesla xStock,451.22,45471159,17645670.0,1.32782,,,,,,,,
world-assets,inc,WorldAssets,0.504562,45405062,432220.0,-15.02417,,,,,,,,
amnis-aptos,amapt,Amnis Aptos,1.81,45400226,29488.0,-3.03217,,,,,,,,
kyber-network-crystal,knc,Kyber Network Crystal,0.266676,45334496,3955140.0,0.08155,,,,,,,,
atoshi,atos,Atoshi,0.050091,45214902,32552.0,-0.62631,,,,,,,,
balancer,bal,Balancer,0.699213,45159452,1909449.0,-0.75949,,,,,,,,
btu-protocol,btu,BTU Protocol,0.562619,45072770,183644.0,4.84248,,,,,,,,
bonfida,fida,Bonfida,0.04544419,45001630,4386752.0,0.44257,,,,,,,,
big-time,bigtime,Big Time,0.02345979,44794190,7336614.0,-0.88057,,,,,,,,
metis-token,metis,Metis,6.57,44725368,8322485.0,0.35034,,,,,,,,
punkstrategy,pnkstr,PunkStrategy,0.04772442,44663352,1378522.0,-0.19456,,,,,,,,
liquity,lqty,Liquity,0.45467,44578061,6947591.0,1.12929,,,,,,,,
huma-finance,huma,Huma Finance,0.02562264,44397853,11455737.0,-9.68612,,,,,,,,
lucidum,lucic,Lucidum,0.270611,44350462,63789.0,-0.57072,,,,,,,,
alchemy-pay,ach,Alchemy Pay,0.00896222,44329499,5714929.0,-1.02107,,,,,,,,
everipedia,iq,IQ,0.00183085,44265975,1722968.0,0.77972,,,,,,,,
subsquid,sqd,SQD,0.049052,44223312,11235595.0,6.66746,,,,,,,,
io,io,io.net,0.176073,44211117,19185281.0,-0.77563,,,,,,,,
cross-2,cross,Cross,0.131679,43910060,11053477.0,12.56979,,,,,,,,
yei-finance,clo,Yei Finance,0.339994,43908910,5317413.0,-18.82069,,,,,,,,
momentum-3,mmt,Momentum,0.214406,43763458,17261613.0,-2.8943,,,,,,,,
ocean-protocol,ocean,Ocean Protocol,0.218366,43653789,115835.0,0.85339,,,,,,,,
carv,carv,CARV,0.143766,43634042,11898959.0,0.31395,,,,,,,,
cjournal-2,cjl,CJournal,0.074103,43614538,48171.0,0.02835,,,,,,,,
liquity-bold-2,bold,BOLD,0.995297,43569869,690984.0,-0.04091,,,,,,,,
power-protocol,power,Power Protocol,0.207089,43347974,14879277.0,-8.08889,,,,,,,,
secret,scrt,Secret,0.131363,42886579,2314200.0,-3.75447,,,,,,,,
nusd,susd,Synthetix sUSD,0.9811,42751254,124944.0,0.14432,,,,,,,,
ergo,erg,Ergo,0.516073,42596454,219883.0,-1.8831,,,,,,,,
tokenbot-2,clanker,tokenbot,43.14,42546522,10840146.0,-2.11481,,,,,,,,
bridged-tether-linea,usdt,Bridged Tether (Linea),1.0,42221470,2086559.0,0.15037,,,,,,,,
doodles,dood,Doodles,0.00545424,42169835,25107493.0,7.8912,,,,,,,,
gogopool-ggavax,stavax,Hypha Staked AVAX,16.44,41917873,465130.0,-1.68139,,,,,,,,
glidr,glidr,Glidr,1.17,41904706,101616.0,0.19151,,,,,,,,
anvil,anvl,Anvil,0.00052198,41893315,10289.24,5.29164,,,,,,,,
solayer,layer,Solayer,0.199433,41880272,7510867.0,-0.44704,,,,,,,,
steakhouse-eth-morpho-vault,steaketh,Steakhouse ETH Morpho Vault,3477.8,41784413,0.0,1.71804,,,,,,,,
